ITEM,PRICE,SUMMARY,STEP
MacBook Pro Retinaディスプレイ 2200/15.4 MGXA2J/A,176989,190033.536,187176.36
MacBook Pro Retinaディスプレイ 2500/15.4 MGXC2J/A,221939,198223.536,196431.36
MacBook Pro Retinaディスプレイ 2600/13.3 MGX72J/A,118501,126046.768,124903.68
MacBook Pro Retinaディスプレイ 2600/13.3 MGX82J/A,135932,134527.536,133937.92
MacBook Pro Retinaディスプレイ 2800/13.3 MGX92J/A,163436,156949.072,158176.4
MacBook Air 1400/11.6 MD711J/B,80137,88462.768,87883.68
MacBook Air 1400/11.6 MD712J/B,98398,96943.536,96917.92
MacBook Air 1400/13.3 MD760J/B,89790,88462.768,87883.68
MacBook Air 1400/13.3 MD761J/B,110426,96943.536,96917.92
MacBook Pro Retinaディスプレイ 2000/15.4 ME293J/A,173040,174925.536,181006.36
MacBook Pro Retinaディスプレイ 2300/15.4 ME294J/A,200999,209725.072,208329.84
MacBook Pro Retinaディスプレイ 2400/13.3 ME864J/A,112800,115762.768,118733.68
MacBook Pro Retinaディスプレイ 2400/13.3 ME865J/A,131500,129067.536,127767.92
MacBook Pro Retinaディスプレイ 2600/13.3 ME866J/A,144999,151489.072,152006.4
MacBook Air 1300/11.6 MD712J/A,93100,94213.536,93832.92
