Code,Prev,Trend,Pred,Close,Pred-D,Pred-U,Errata-D,Errata-U,Correct,Trend-Correct,Pred-Ratio,Trend-Ratio,Trend-Correct-Ratio,Total-Correct-Ratio,Predict-mean,Predict-max,Predict-min
1417.0,1092.0,1.0,1097.0,1083.0,0.0,1.0,0.0,0.0,0.0,0.0,1.2927054478301159,,,,,,
1605.0,1078.0,1.0,1084.0,1112.0,0.0,1.0,0.0,1.0,1.0,1.0,-2.517985611510781,,,,,,
1719.0,767.0,1.0,767.0,764.0,0.0,1.0,0.0,0.0,0.0,0.0,0.3926701570680535,,,,,,
1721.0,1404.0,0.0,1406.0,1431.0,0.0,0.0,0.0,0.0,0.0,0.0,-1.7470300489168409,,,,,,
1722.0,717.0,0.0,717.0,730.0,0.0,0.0,0.0,0.0,0.0,0.0,-1.7808219178082112,,,,,,
1801.0,754.0,0.0,752.0,748.0,1.0,0.0,1.0,0.0,1.0,1.0,0.5347593582887669,,,,,,
1802.0,1017.0,0.0,1015.0,1006.0,1.0,0.0,1.0,0.0,1.0,1.0,0.8946322067594537,,,,,,
1808.0,1323.0,0.0,1331.0,1368.0,0.0,0.0,0.0,0.0,0.0,0.0,-2.7046783625731052,,,,,,
1812.0,632.0,0.0,628.0,629.0,1.0,0.0,1.0,0.0,1.0,1.0,-0.15898251192368207,,,,,,
1878.0,12345.0,1.0,12357.0,12610.0,0.0,1.0,0.0,1.0,1.0,1.0,-2.006344171292625,,,,,,
1881.0,2058.0,1.0,2063.0,2045.0,0.0,1.0,0.0,0.0,0.0,0.0,0.8801955990220165,,,,,,
1911.0,1333.0,1.0,1341.0,1345.0,0.0,1.0,0.0,1.0,1.0,1.0,-0.2973977695167207,,,,,,
1925.0,3038.0,1.0,3021.0,3039.0,0.0,0.0,0.0,0.0,0.0,1.0,-0.5923000987166773,,,,,,
1928.0,1894.0,1.0,1898.0,1914.0,0.0,1.0,0.0,1.0,1.0,1.0,-0.8359456635318736,,,,,,
1951.0,1143.0,1.0,1148.0,1153.0,0.0,1.0,0.0,1.0,1.0,1.0,-0.4336513443191592,,,,,,
1952.0,967.0,1.0,967.0,973.0,0.0,1.0,0.0,1.0,1.0,1.0,-0.616649537512842,,,,,,
1963.0,1594.0,1.0,1592.0,1637.0,0.0,0.0,0.0,0.0,0.0,1.0,-2.7489309712889423,,,,,,
1983.0,1193.0,1.0,1188.0,1204.0,0.0,0.0,0.0,0.0,0.0,1.0,-1.328903654485046,,,,,,
2002.0,1736.0,0.0,1728.0,1773.0,1.0,0.0,0.0,0.0,0.0,0.0,-2.53807106598984,,,,,,
2121.0,4370.0,1.0,4322.0,4400.0,0.0,0.0,0.0,0.0,0.0,1.0,-1.7727272727272663,,,,,,
2131.0,1054.0,0.0,1055.0,1065.0,0.0,0.0,0.0,0.0,0.0,0.0,-0.9389671361502394,,,,,,
2181.0,5540.0,0.0,5465.0,5640.0,1.0,0.0,0.0,0.0,0.0,0.0,-3.1028368794326298,,,,,,
2229.0,4005.0,1.0,3965.0,4095.0,0.0,0.0,0.0,0.0,0.0,1.0,-3.1746031746031775,,,,,,
2267.0,5990.0,1.0,6009.0,6350.0,0.0,1.0,0.0,1.0,1.0,1.0,-5.370078740157481,,,,,,
2269.0,18030.0,1.0,17607.0,18030.0,0.0,0.0,0.0,0.0,0.0,1.0,-2.3460898502495837,,,,,,
2282.0,2509.0,1.0,2482.0,2537.0,0.0,0.0,0.0,0.0,0.0,1.0,-2.167914860070951,,,,,,
2294.0,1870.0,1.0,1869.0,1863.0,0.0,0.0,0.0,0.0,0.0,0.0,0.32206119162640334,,,,,,
2317.0,1130.0,1.0,1127.0,1120.0,0.0,0.0,0.0,0.0,0.0,0.0,0.6250000000000142,,,,,,
2327.0,5070.0,1.0,5079.0,5280.0,0.0,1.0,0.0,1.0,1.0,1.0,-3.806818181818187,,,,,,
2331.0,5620.0,1.0,5535.0,5730.0,0.0,0.0,0.0,0.0,0.0,1.0,-3.4031413612565444,,,,,,
2359.0,820.0,1.0,814.0,815.0,0.0,0.0,0.0,0.0,0.0,0.0,-0.1226993865030721,,,,,,
2371.0,1894.0,0.0,1892.0,1965.0,1.0,0.0,0.0,0.0,0.0,0.0,-3.715012722646321,,,,,,
2395.0,417.0,1.0,413.0,430.0,0.0,0.0,0.0,0.0,0.0,1.0,-3.953488372093034,,,,,,
2412.0,2102.0,0.0,2053.0,2160.0,1.0,0.0,0.0,0.0,0.0,0.0,-4.9537037037037095,,,,,,
2413.0,2308.0,1.0,2340.0,2377.0,0.0,1.0,0.0,1.0,1.0,1.0,-1.5565839293226702,,,,,,
2432.0,2188.0,0.0,2183.0,2239.0,1.0,0.0,0.0,0.0,0.0,0.0,-2.5011165698972775,,,,,,
2433.0,1153.0,1.0,1157.0,1191.0,0.0,1.0,0.0,1.0,1.0,1.0,-2.8547439126784298,,,,,,
2502.0,3745.0,0.0,3783.0,3795.0,0.0,0.0,0.0,0.0,0.0,0.0,-0.3162055335968432,,,,,,
2503.0,1565.0,0.0,1565.0,1589.0,0.0,0.0,0.0,0.0,0.0,0.0,-1.5103838892385255,,,,,,
2593.0,2479.0,0.0,2480.0,2528.0,0.0,0.0,0.0,0.0,0.0,0.0,-1.8987341772151893,,,,,,
2651.0,9050.0,1.0,8990.0,9050.0,0.0,0.0,0.0,0.0,0.0,1.0,-0.6629834254143674,,,,,,
2670.0,7040.0,1.0,6920.0,7230.0,0.0,0.0,0.0,0.0,0.0,1.0,-4.287690179806361,,,,,,
2674.0,1550.0,1.0,1558.0,1578.0,0.0,1.0,0.0,1.0,1.0,1.0,-1.2674271229404326,,,,,,
2681.0,1884.0,0.0,1879.0,1877.0,1.0,0.0,1.0,0.0,1.0,1.0,0.10655301012253915,,,,,,
2695.0,3765.0,1.0,3779.0,3680.0,0.0,1.0,0.0,0.0,0.0,0.0,2.690217391304344,,,,,,
2702.0,2667.0,0.0,2664.0,2710.0,1.0,0.0,0.0,0.0,0.0,0.0,-1.697416974169741,,,,,,
2726.0,3620.0,1.0,3649.0,3600.0,0.0,1.0,0.0,0.0,0.0,0.0,1.3611111111111,,,,,,
2768.0,227.0,1.0,226.0,234.0,0.0,0.0,0.0,0.0,0.0,1.0,-3.418803418803421,,,,,,
2780.0,3025.0,1.0,3024.0,2977.0,0.0,0.0,0.0,0.0,0.0,0.0,1.5787705744037623,,,,,,
2782.0,5930.0,1.0,5949.0,5960.0,0.0,1.0,0.0,1.0,1.0,1.0,-0.18456375838925965,,,,,,
2784.0,2043.0,1.0,2048.0,2063.0,0.0,1.0,0.0,1.0,1.0,1.0,-0.7270964614638871,,,,,,
2801.0,3490.0,1.0,3470.0,3540.0,0.0,0.0,0.0,0.0,0.0,1.0,-1.9774011299435017,,,,,,
2802.0,2545.0,1.0,2540.0,2595.0,0.0,0.0,0.0,0.0,0.0,1.0,-2.1194605009633847,,,,,,
2809.0,2421.0,1.0,2432.0,2489.0,0.0,1.0,0.0,1.0,1.0,1.0,-2.2900763358778704,,,,,,
2871.0,750.0,1.0,749.0,786.0,0.0,0.0,0.0,0.0,0.0,1.0,-4.707379134860048,,,,,,
2875.0,4465.0,0.0,4482.0,4540.0,0.0,0.0,0.0,0.0,0.0,0.0,-1.2775330396475795,,,,,,
2897.0,5450.0,0.0,5445.0,5540.0,1.0,0.0,0.0,0.0,0.0,0.0,-1.7148014440433172,,,,,,
2914.0,3593.0,0.0,3583.0,3680.0,1.0,0.0,0.0,0.0,0.0,0.0,-2.6358695652173907,,,,,,
2915.0,1554.0,0.0,1550.0,1554.0,1.0,0.0,0.0,0.0,0.0,0.0,-0.2574002574002492,,,,,,
3003.0,1135.0,1.0,1131.0,1129.0,0.0,0.0,0.0,0.0,0.0,0.0,0.1771479185119489,,,,,,
3048.0,1076.0,1.0,1094.0,1078.0,0.0,1.0,0.0,1.0,1.0,1.0,1.484230055658628,,,,,,
3064.0,5480.0,1.0,5465.0,5480.0,0.0,0.0,0.0,0.0,0.0,1.0,-0.27372262773722866,,,,,,
3086.0,1953.0,1.0,1953.0,1993.0,0.0,1.0,0.0,1.0,1.0,1.0,-2.0070245860511733,,,,,,
3088.0,5450.0,0.0,5365.0,5620.0,1.0,0.0,0.0,0.0,0.0,0.0,-4.537366548042712,,,,,,
3092.0,4120.0,1.0,4105.0,4165.0,0.0,0.0,0.0,0.0,0.0,1.0,-1.4405762304921979,,,,,,
3099.0,1869.0,1.0,1864.0,1926.0,0.0,0.0,0.0,0.0,0.0,1.0,-3.2191069574247138,,,,,,
3116.0,2283.0,1.0,2258.0,2321.0,0.0,0.0,0.0,0.0,0.0,1.0,-2.7143472641103017,,,,,,
3141.0,5850.0,0.0,5765.0,5990.0,1.0,0.0,0.0,0.0,0.0,0.0,-3.756260434056756,,,,,,
3197.0,1570.0,1.0,1583.0,1556.0,0.0,1.0,0.0,0.0,0.0,0.0,1.7352185089974341,,,,,,
3231.0,2422.0,1.0,2439.0,2440.0,0.0,1.0,0.0,1.0,1.0,1.0,-0.04098360655737565,,,,,,
3289.0,801.0,1.0,808.0,808.0,0.0,1.0,0.0,1.0,1.0,1.0,0.0,,,,,,
3291.0,1905.0,1.0,1916.0,1914.0,0.0,1.0,0.0,1.0,1.0,1.0,0.10449320794148775,,,,,,
3349.0,15200.0,1.0,14746.0,15320.0,0.0,0.0,0.0,0.0,0.0,1.0,-3.7467362924281957,,,,,,
3360.0,2755.0,1.0,2708.0,2767.0,0.0,0.0,0.0,0.0,0.0,1.0,-2.132273220093964,,,,,,
3382.0,5525.0,1.0,5491.0,5536.0,0.0,0.0,0.0,0.0,0.0,1.0,-0.8128612716762973,,,,,,
3391.0,10350.0,1.0,10325.0,10590.0,0.0,0.0,0.0,0.0,0.0,1.0,-2.5023607176581635,,,,,,
3402.0,1064.0,1.0,1060.0,1070.0,0.0,0.0,0.0,0.0,0.0,1.0,-0.9345794392523317,,,,,,
3405.0,1452.0,0.0,1462.0,1483.0,0.0,0.0,0.0,0.0,0.0,0.0,-1.416048550235999,,,,,,
3407.0,850.0,1.0,849.0,872.0,0.0,0.0,0.0,0.0,0.0,1.0,-2.6376146788990837,,,,,,
3436.0,1106.0,1.0,1115.0,1166.0,0.0,1.0,0.0,1.0,1.0,1.0,-4.373927958833619,,,,,,
3512.0,499.0,1.0,498.0,499.0,0.0,0.0,0.0,0.0,0.0,1.0,-0.20040080160320883,,,,,,
3606.0,131.0,0.0,130.0,133.0,1.0,0.0,0.0,0.0,0.0,0.0,-2.255639097744364,,,,,,
3626.0,2550.0,1.0,2635.0,2644.0,0.0,1.0,0.0,1.0,1.0,1.0,-0.34039334341906624,,,,,,
3632.0,532.0,1.0,536.0,544.0,0.0,1.0,0.0,1.0,1.0,1.0,-1.470588235294116,,,,,,
3636.0,3015.0,1.0,3012.0,3000.0,0.0,0.0,0.0,0.0,0.0,0.0,0.4000000000000057,,,,,,
3639.0,1502.0,0.0,1493.0,1537.0,1.0,0.0,0.0,0.0,0.0,0.0,-2.8627195836044166,,,,,,
3641.0,3175.0,0.0,3179.0,3350.0,0.0,0.0,0.0,0.0,0.0,0.0,-5.104477611940297,,,,,,
3656.0,1235.0,1.0,1222.0,1274.0,0.0,0.0,0.0,0.0,0.0,1.0,-4.081632653061234,,,,,,
3659.0,1578.0,1.0,1587.0,1648.0,0.0,1.0,0.0,1.0,1.0,1.0,-3.7014563106796032,,,,,,
3664.0,482.0,1.0,480.0,497.0,0.0,0.0,0.0,0.0,0.0,1.0,-3.420523138833005,,,,,,
3668.0,2012.0,1.0,2011.0,2083.0,0.0,0.0,0.0,0.0,0.0,1.0,-3.4565530484877485,,,,,,
3738.0,1734.0,0.0,1780.0,1795.0,0.0,0.0,0.0,0.0,0.0,0.0,-0.8356545961002837,,,,,,
3742.0,1065.0,0.0,1065.0,1078.0,0.0,0.0,0.0,0.0,0.0,0.0,-1.2059369202226407,,,,,,
3765.0,360.0,1.0,358.0,372.0,0.0,0.0,0.0,0.0,0.0,1.0,-3.7634408602150557,,,,,,
3774.0,1990.0,0.0,2052.0,2087.0,0.0,0.0,0.0,0.0,0.0,0.0,-1.677048394825107,,,,,,
3788.0,735.0,1.0,739.0,758.0,0.0,1.0,0.0,1.0,1.0,1.0,-2.5065963060686016,,,,,,
3793.0,668.0,1.0,666.0,671.0,0.0,0.0,0.0,0.0,0.0,1.0,-0.7451564828614039,,,,,,
3799.0,571.0,1.0,574.0,593.0,0.0,1.0,0.0,1.0,1.0,1.0,-3.2040472175379477,,,,,,
3817.0,1951.0,1.0,1939.0,1957.0,0.0,0.0,0.0,0.0,0.0,1.0,-0.919775166070508,,,,,,
3861.0,530.0,1.0,524.0,535.0,0.0,0.0,0.0,0.0,0.0,1.0,-2.056074766355138,,,,,,
3903.0,1270.0,1.0,1278.0,1296.0,0.0,1.0,0.0,1.0,1.0,1.0,-1.3888888888888857,,,,,,
3905.0,560.0,0.0,559.0,577.0,1.0,0.0,0.0,0.0,0.0,0.0,-3.1195840554592706,,,,,,
3907.0,3400.0,0.0,3377.0,3380.0,1.0,0.0,1.0,0.0,1.0,1.0,-0.08875739644970793,,,,,,
3911.0,1095.0,0.0,1095.0,1106.0,0.0,0.0,0.0,0.0,0.0,0.0,-0.9945750452079523,,,,,,
4004.0,136.0,1.0,135.0,140.0,0.0,0.0,0.0,0.0,0.0,1.0,-3.5714285714285694,,,,,,
4021.0,2705.0,1.0,2682.0,2785.0,0.0,0.0,0.0,0.0,0.0,1.0,-3.6983842010772037,,,,,,
4042.0,600.0,1.0,598.0,614.0,0.0,0.0,0.0,0.0,0.0,1.0,-2.6058631921824116,,,,,,
4061.0,498.0,1.0,492.0,510.0,0.0,0.0,0.0,0.0,0.0,1.0,-3.529411764705884,,,,,,
4063.0,6359.0,1.0,6355.0,6444.0,0.0,0.0,0.0,0.0,0.0,1.0,-1.3811297330850465,,,,,,
4088.0,1824.0,1.0,1824.0,1846.0,0.0,1.0,0.0,1.0,1.0,1.0,-1.1917659804983742,,,,,,
4091.0,1136.0,1.0,1155.0,1182.0,0.0,1.0,0.0,1.0,1.0,1.0,-2.28426395939087,,,,,,
4114.0,1637.0,0.0,1623.0,1637.0,1.0,0.0,0.0,0.0,0.0,0.0,-0.8552229688454531,,,,,,
4116.0,520.0,1.0,522.0,524.0,0.0,1.0,0.0,1.0,1.0,1.0,-0.3816793893129784,,,,,,
4151.0,1754.0,0.0,1756.0,1799.0,0.0,0.0,0.0,0.0,0.0,0.0,-2.3902167871039524,,,,,,
4185.0,1764.0,1.0,1749.0,1836.0,0.0,0.0,0.0,0.0,0.0,1.0,-4.738562091503269,,,,,,
4188.0,635.0,1.0,635.0,665.0,0.0,1.0,0.0,1.0,1.0,1.0,-4.511278195488728,,,,,,
4201.0,759.0,1.0,759.0,775.0,0.0,1.0,0.0,1.0,1.0,1.0,-2.0645161290322562,,,,,,
4202.0,1505.0,1.0,1503.0,1543.0,0.0,0.0,0.0,0.0,0.0,1.0,-2.5923525599481536,,,,,,
4204.0,1271.0,1.0,1270.0,1285.0,0.0,0.0,0.0,0.0,0.0,1.0,-1.1673151750972721,,,,,,
4205.0,940.0,1.0,944.0,975.0,0.0,1.0,0.0,1.0,1.0,1.0,-3.1794871794871824,,,,,,
4206.0,2363.0,1.0,2383.0,2389.0,0.0,1.0,0.0,1.0,1.0,1.0,-0.2511511092507419,,,,,,
4208.0,212.0,1.0,211.0,220.0,0.0,0.0,0.0,0.0,0.0,1.0,-4.0909090909090935,,,,,,
4217.0,1691.0,1.0,1686.0,1759.0,0.0,0.0,0.0,0.0,0.0,1.0,-4.150085275724848,,,,,,
4231.0,658.0,1.0,655.0,703.0,0.0,0.0,0.0,0.0,0.0,1.0,-6.827880512091028,,,,,,
4272.0,1242.0,1.0,1242.0,1266.0,0.0,1.0,0.0,1.0,1.0,1.0,-1.895734597156391,,,,,,
4283.0,3775.0,0.0,3942.0,3775.0,0.0,0.0,0.0,0.0,0.0,0.0,4.423841059602651,,,,,,
4298.0,1530.0,1.0,1531.0,1530.0,0.0,1.0,0.0,1.0,1.0,1.0,0.06535947712418988,,,,,,
4307.0,5070.0,1.0,4972.0,5070.0,0.0,0.0,0.0,0.0,0.0,1.0,-1.932938856015781,,,,,,
4324.0,6290.0,1.0,6270.0,6350.0,0.0,0.0,0.0,0.0,0.0,1.0,-1.2598425196850371,,,,,,
4348.0,1063.0,0.0,1058.0,1042.0,1.0,0.0,1.0,0.0,1.0,1.0,1.5355086372360773,,,,,,
4452.0,5515.0,1.0,5461.0,5563.0,0.0,0.0,0.0,0.0,0.0,1.0,-1.8335430523099063,,,,,,
4502.0,5256.0,1.0,5275.0,5369.0,0.0,1.0,0.0,1.0,1.0,1.0,-1.7507915813000636,,,,,,
4503.0,1544.0,1.0,1559.0,1577.0,0.0,1.0,0.0,1.0,1.0,1.0,-1.141407736207995,,,,,,
4506.0,1168.0,0.0,1178.0,1210.0,0.0,0.0,0.0,0.0,0.0,0.0,-2.644628099173545,,,,,,
4507.0,4255.0,1.0,4315.0,4385.0,0.0,1.0,0.0,1.0,1.0,1.0,-1.5963511972634024,,,,,,
4508.0,2101.0,1.0,2113.0,2157.0,0.0,1.0,0.0,1.0,1.0,1.0,-2.0398701900788154,,,,,,
4519.0,3640.0,1.0,3674.0,3680.0,0.0,1.0,0.0,1.0,1.0,1.0,-0.1630434782608745,,,,,,
4521.0,5920.0,0.0,5846.0,5920.0,1.0,0.0,0.0,0.0,0.0,0.0,-1.25,,,,,,
4523.0,6874.0,1.0,6961.0,7040.0,0.0,1.0,0.0,1.0,1.0,1.0,-1.1221590909090935,,,,,,
4527.0,1850.0,1.0,1856.0,1911.0,0.0,1.0,0.0,1.0,1.0,1.0,-2.8780743066457433,,,,,,
4528.0,14210.0,1.0,14333.0,14930.0,0.0,1.0,0.0,1.0,1.0,1.0,-3.9986604152712744,,,,,,
4530.0,3945.0,1.0,3992.0,4045.0,0.0,1.0,0.0,1.0,1.0,1.0,-1.3102595797280543,,,,,,
4534.0,6890.0,1.0,6954.0,7030.0,0.0,1.0,0.0,1.0,1.0,1.0,-1.0810810810810807,,,,,,
4540.0,2534.0,1.0,2565.0,2573.0,0.0,1.0,0.0,1.0,1.0,1.0,-0.3109211037699282,,,,,,
4543.0,3365.0,1.0,3382.0,3405.0,0.0,1.0,0.0,1.0,1.0,1.0,-0.6754772393538957,,,,,,
4544.0,5010.0,1.0,5074.0,5130.0,0.0,1.0,0.0,1.0,1.0,1.0,-1.0916179337231995,,,,,,
4555.0,7040.0,1.0,7054.0,7340.0,0.0,1.0,0.0,1.0,1.0,1.0,-3.896457765667577,,,,,,
4568.0,2087.0,0.0,2075.0,2142.0,1.0,0.0,0.0,0.0,0.0,0.0,-3.1279178338001827,,,,,,
4569.0,1820.0,1.0,1835.0,1887.0,0.0,1.0,0.0,1.0,1.0,1.0,-2.755696873343922,,,,,,
4572.0,2245.0,1.0,2265.0,2371.0,0.0,1.0,0.0,1.0,1.0,1.0,-4.4706874736398134,,,,,,
4578.0,3846.0,1.0,3836.0,3900.0,0.0,0.0,0.0,0.0,0.0,1.0,-1.6410256410256352,,,,,,
4581.0,6830.0,1.0,6899.0,7030.0,0.0,1.0,0.0,1.0,1.0,1.0,-1.8634423897581769,,,,,,
4587.0,14730.0,0.0,14389.0,14730.0,1.0,0.0,0.0,0.0,0.0,0.0,-2.315003394433134,,,,,,
4612.0,2178.0,1.0,2194.0,2295.0,0.0,1.0,0.0,1.0,1.0,1.0,-4.400871459694983,,,,,,
4613.0,1664.0,1.0,1664.0,1707.0,0.0,1.0,0.0,1.0,1.0,1.0,-2.519039250146463,,,,,,
4631.0,283.0,1.0,280.0,290.0,0.0,0.0,0.0,0.0,0.0,1.0,-3.448275862068968,,,,,,
4634.0,450.0,1.0,450.0,456.0,0.0,1.0,0.0,1.0,1.0,1.0,-1.3157894736842195,,,,,,
4641.0,2181.0,1.0,2188.0,2308.0,0.0,1.0,0.0,1.0,1.0,1.0,-5.199306759098789,,,,,,
4666.0,2321.0,1.0,2311.0,2331.0,0.0,0.0,0.0,0.0,0.0,1.0,-0.8580008580008638,,,,,,
4676.0,1386.0,1.0,1401.0,1428.0,0.0,1.0,0.0,1.0,1.0,1.0,-1.8907563025210123,,,,,,
4681.0,3145.0,1.0,3135.0,3165.0,0.0,0.0,0.0,0.0,0.0,1.0,-0.9478672985782026,,,,,,
4684.0,5380.0,0.0,5370.0,5590.0,1.0,0.0,0.0,0.0,0.0,0.0,-3.935599284436492,,,,,,
4689.0,448.0,0.0,450.0,453.0,0.0,0.0,0.0,0.0,0.0,0.0,-0.6622516556291487,,,,,,
4704.0,4140.0,0.0,4144.0,4180.0,0.0,0.0,0.0,0.0,0.0,0.0,-0.861244019138752,,,,,,
4708.0,1177.0,0.0,1187.0,1209.0,0.0,0.0,0.0,0.0,0.0,0.0,-1.8196856906534293,,,,,,
4716.0,5010.0,1.0,5039.0,5120.0,0.0,1.0,0.0,1.0,1.0,1.0,-1.58203125,,,,,,
4719.0,1881.0,1.0,1869.0,1896.0,0.0,0.0,0.0,0.0,0.0,1.0,-1.4240506329113884,,,,,,
4722.0,669.0,0.0,671.0,672.0,0.0,0.0,0.0,0.0,0.0,0.0,-0.1488095238095184,,,,,,
4726.0,1168.0,1.0,1168.0,1196.0,0.0,1.0,0.0,1.0,1.0,1.0,-2.341137123745824,,,,,,
4732.0,2058.0,1.0,2052.0,2069.0,0.0,0.0,0.0,0.0,0.0,1.0,-0.8216529724504653,,,,,,
4751.0,4830.0,1.0,4773.0,5050.0,0.0,0.0,0.0,0.0,0.0,1.0,-5.485148514851488,,,,,,
4755.0,1584.0,1.0,1571.0,1623.0,0.0,0.0,0.0,0.0,0.0,1.0,-3.2039433148490417,,,,,,
4761.0,669.0,1.0,673.0,669.0,0.0,1.0,0.0,1.0,1.0,1.0,0.5979073243647264,,,,,,
4768.0,5780.0,0.0,5789.0,5920.0,0.0,0.0,0.0,0.0,0.0,0.0,-2.2128378378378386,,,,,,
4777.0,698.0,0.0,697.0,704.0,1.0,0.0,0.0,0.0,0.0,0.0,-0.9943181818181728,,,,,,
4793.0,865.0,1.0,863.0,871.0,0.0,0.0,0.0,0.0,0.0,1.0,-0.9184845005740527,,,,,,
4812.0,1635.0,0.0,1616.0,1678.0,1.0,0.0,0.0,0.0,0.0,0.0,-3.694874851013111,,,,,,
4832.0,1159.0,0.0,1157.0,1175.0,1.0,0.0,0.0,0.0,0.0,0.0,-1.531914893617028,,,,,,
4837.0,497.0,0.0,496.0,497.0,1.0,0.0,0.0,0.0,0.0,0.0,-0.20120724346077168,,,,,,
4842.0,302.0,0.0,300.0,304.0,1.0,0.0,0.0,0.0,0.0,0.0,-1.3157894736842195,,,,,,
4901.0,4460.0,1.0,4465.0,4483.0,0.0,1.0,0.0,1.0,1.0,1.0,-0.40151684140084853,,,,,,
4902.0,1264.0,0.0,1256.0,1266.0,1.0,0.0,0.0,0.0,0.0,0.0,-0.7898894154818379,,,,,,
4911.0,2670.0,1.0,2655.0,2750.0,0.0,0.0,0.0,0.0,0.0,1.0,-3.4545454545454533,,,,,,
4912.0,1078.0,1.0,1077.0,1099.0,0.0,0.0,0.0,0.0,0.0,1.0,-2.001819836214736,,,,,,
4922.0,11400.0,1.0,11301.0,11760.0,0.0,0.0,0.0,0.0,0.0,1.0,-3.9030612244898037,,,,,,
4927.0,7690.0,1.0,7655.0,7780.0,0.0,0.0,0.0,0.0,0.0,1.0,-1.6066838046272522,,,,,,
4967.0,9080.0,1.0,9070.0,9380.0,0.0,0.0,0.0,0.0,0.0,1.0,-3.304904051172713,,,,,,
4968.0,1129.0,1.0,1126.0,1145.0,0.0,0.0,0.0,0.0,0.0,1.0,-1.6593886462882068,,,,,,
5002.0,948.0,1.0,949.0,981.0,0.0,1.0,0.0,1.0,1.0,1.0,-3.26197757390419,,,,,,
5012.0,1195.0,1.0,1200.0,1223.0,0.0,1.0,0.0,1.0,1.0,1.0,-1.8806214227309823,,,,,,
5019.0,1818.0,1.0,1833.0,1868.0,0.0,1.0,0.0,1.0,1.0,1.0,-1.873661670235549,,,,,,
5020.0,438.0,1.0,438.0,450.0,0.0,1.0,0.0,1.0,1.0,1.0,-2.666666666666657,,,,,,
5101.0,1319.0,1.0,1336.0,1319.0,0.0,1.0,0.0,1.0,1.0,1.0,1.2888551933282884,,,,,,
5105.0,2848.0,1.0,2791.0,2803.0,0.0,0.0,0.0,0.0,0.0,0.0,-0.4281127363539099,,,,,,
5108.0,4310.0,1.0,4242.0,4304.0,0.0,0.0,0.0,0.0,0.0,0.0,-1.4405204460966559,,,,,,
5110.0,1685.0,0.0,1663.0,1704.0,1.0,0.0,0.0,0.0,0.0,0.0,-2.406103286384976,,,,,,
5186.0,2754.0,1.0,2812.0,2833.0,0.0,1.0,0.0,1.0,1.0,1.0,-0.7412636780797754,,,,,,
5196.0,649.0,1.0,645.0,640.0,0.0,0.0,0.0,0.0,0.0,0.0,0.78125,,,,,,
5201.0,714.0,1.0,714.0,709.0,0.0,1.0,0.0,0.0,0.0,0.0,0.7052186177715072,,,,,,
5214.0,583.0,0.0,579.0,579.0,1.0,0.0,1.0,0.0,1.0,1.0,0.0,,,,,,
5233.0,370.0,0.0,363.0,375.0,1.0,0.0,0.0,0.0,0.0,0.0,-3.200000000000003,,,,,,
5332.0,1744.0,0.0,1713.0,1744.0,1.0,0.0,0.0,0.0,0.0,0.0,-1.777522935779814,,,,,,
5334.0,2953.0,1.0,2894.0,2967.0,0.0,0.0,0.0,0.0,0.0,1.0,-2.4603977081226844,,,,,,
5393.0,708.0,1.0,716.0,710.0,0.0,1.0,0.0,1.0,1.0,1.0,0.8450704225352155,,,,,,
5401.0,233.0,0.0,231.0,233.0,1.0,0.0,0.0,0.0,0.0,0.0,-0.8583690987124442,,,,,,
5411.0,1605.0,1.0,1615.0,1667.0,0.0,1.0,0.0,1.0,1.0,1.0,-3.1193761247750444,,,,,,
5471.0,389.0,0.0,381.0,390.0,1.0,0.0,0.0,0.0,0.0,0.0,-2.3076923076923066,,,,,,
5486.0,1415.0,1.0,1424.0,1455.0,0.0,1.0,0.0,1.0,1.0,1.0,-2.130584192439869,,,,,,
5631.0,379.0,1.0,382.0,401.0,0.0,1.0,0.0,1.0,1.0,1.0,-4.738154613466335,,,,,,
5706.0,220.0,1.0,220.0,224.0,0.0,1.0,0.0,1.0,1.0,1.0,-1.7857142857142918,,,,,,
5711.0,367.0,1.0,368.0,381.0,0.0,1.0,0.0,1.0,1.0,1.0,-3.412073490813654,,,,,,
5713.0,1364.0,1.0,1367.0,1394.0,0.0,1.0,0.0,1.0,1.0,1.0,-1.9368723098995702,,,,,,
5714.0,933.0,1.0,926.0,952.0,0.0,0.0,0.0,0.0,0.0,1.0,-2.731092436974791,,,,,,
5802.0,1564.0,1.0,1561.0,1588.0,0.0,0.0,0.0,0.0,0.0,1.0,-1.7002518891687686,,,,,,
5857.0,1837.0,1.0,1826.0,1852.0,0.0,0.0,0.0,0.0,0.0,1.0,-1.4038876889848808,,,,,,
5929.0,865.0,1.0,857.0,870.0,0.0,0.0,0.0,0.0,0.0,1.0,-1.4942528735632123,,,,,,
5938.0,2517.0,1.0,2498.0,2517.0,0.0,0.0,0.0,0.0,0.0,1.0,-0.754866905045688,,,,,,
5947.0,9380.0,1.0,9399.0,9550.0,0.0,1.0,0.0,1.0,1.0,1.0,-1.5811518324607334,,,,,,
5949.0,2436.0,1.0,2424.0,2451.0,0.0,0.0,0.0,0.0,0.0,1.0,-1.1015911872705004,,,,,,
5970.0,1380.0,1.0,1380.0,1389.0,0.0,1.0,0.0,1.0,1.0,1.0,-0.6479481641468681,,,,,,
5986.0,285.0,1.0,284.0,285.0,0.0,0.0,0.0,0.0,0.0,1.0,-0.3508771929824519,,,,,,
5991.0,1193.0,1.0,1188.0,1195.0,0.0,0.0,0.0,0.0,0.0,1.0,-0.5857740585773996,,,,,,
6037.0,2352.0,1.0,2222.0,2852.0,0.0,0.0,0.0,0.0,0.0,1.0,-22.08976157082749,,,,,,
6093.0,9100.0,0.0,8835.0,9100.0,1.0,0.0,0.0,0.0,0.0,0.0,-2.9120879120879124,,,,,,
6094.0,1095.0,0.0,1058.0,1135.0,1.0,0.0,0.0,0.0,0.0,0.0,-6.784140969163005,,,,,,
6136.0,2288.0,1.0,2280.0,2327.0,0.0,0.0,0.0,0.0,0.0,1.0,-2.0197679415556564,,,,,,
6146.0,8990.0,1.0,8793.0,9200.0,0.0,0.0,0.0,0.0,0.0,1.0,-4.423913043478251,,,,,,
6201.0,5980.0,1.0,5950.0,6060.0,0.0,0.0,0.0,0.0,0.0,1.0,-1.8151815181518174,,,,,,
6256.0,4495.0,1.0,4509.0,4630.0,0.0,1.0,0.0,1.0,1.0,1.0,-2.613390928725707,,,,,,
6268.0,2234.0,1.0,2228.0,2281.0,0.0,0.0,0.0,0.0,0.0,1.0,-2.323542306006132,,,,,,
6273.0,26565.0,1.0,26930.0,28015.0,0.0,1.0,0.0,1.0,1.0,1.0,-3.872925218632872,,,,,,
6289.0,1599.0,0.0,1594.0,1616.0,1.0,0.0,0.0,0.0,0.0,0.0,-1.3613861386138666,,,,,,
6301.0,1747.0,1.0,1770.0,1798.0,0.0,1.0,0.0,1.0,1.0,1.0,-1.5572858731924413,,,,,,
6302.0,485.0,1.0,485.0,497.0,0.0,1.0,0.0,1.0,1.0,1.0,-2.414486921529175,,,,,,
6305.0,1604.0,1.0,1617.0,1654.0,0.0,1.0,0.0,1.0,1.0,1.0,-2.2370012091898417,,,,,,
6326.0,1648.0,1.0,1654.0,1705.0,0.0,1.0,0.0,1.0,1.0,1.0,-2.9912023460410495,,,,,,
6361.0,442.0,1.0,447.0,462.0,0.0,1.0,0.0,1.0,1.0,1.0,-3.2467532467532436,,,,,,
6366.0,825.0,1.0,827.0,845.0,0.0,1.0,0.0,1.0,1.0,1.0,-2.1301775147928907,,,,,,
6367.0,7160.0,1.0,7082.0,7247.0,0.0,0.0,0.0,0.0,0.0,1.0,-2.2768041948392437,,,,,,
6370.0,2582.0,1.0,2573.0,2636.0,0.0,0.0,0.0,0.0,0.0,1.0,-2.3899848254931726,,,,,,
6371.0,788.0,1.0,791.0,804.0,0.0,1.0,0.0,1.0,1.0,1.0,-1.6169154228855689,,,,,,
6395.0,1324.0,1.0,1346.0,1358.0,0.0,1.0,0.0,1.0,1.0,1.0,-0.8836524300441795,,,,,,
6412.0,2028.0,0.0,2035.0,2045.0,0.0,0.0,0.0,0.0,0.0,0.0,-0.48899755501223297,,,,,,
6417.0,4295.0,1.0,4307.0,4315.0,0.0,1.0,0.0,1.0,1.0,1.0,-0.18539976825029214,,,,,,
6425.0,2063.0,0.0,2066.0,2173.0,0.0,0.0,0.0,0.0,0.0,0.0,-4.92406810860561,,,,,,
6448.0,1458.0,1.0,1457.0,1472.0,0.0,0.0,0.0,0.0,0.0,1.0,-1.0190217391304373,,,,,,
6460.0,1184.0,1.0,1194.0,1204.0,0.0,1.0,0.0,1.0,1.0,1.0,-0.830564784053152,,,,,,
6463.0,2879.0,1.0,2796.0,2932.0,0.0,0.0,0.0,0.0,0.0,1.0,-4.638472032742158,,,,,,
6465.0,8870.0,1.0,8761.0,8940.0,0.0,0.0,0.0,0.0,0.0,1.0,-2.0022371364653253,,,,,,
6471.0,1215.0,1.0,1211.0,1235.0,0.0,0.0,0.0,0.0,0.0,1.0,-1.9433198380566807,,,,,,
6473.0,1748.0,1.0,1735.0,1748.0,0.0,0.0,0.0,0.0,0.0,1.0,-0.7437070938215129,,,,,,
6474.0,481.0,1.0,495.0,492.0,0.0,1.0,0.0,1.0,1.0,1.0,0.6097560975609753,,,,,,
6479.0,1294.0,1.0,1295.0,1331.0,0.0,1.0,0.0,1.0,1.0,1.0,-2.704733283245673,,,,,,
6481.0,1914.0,1.0,1934.0,1999.0,0.0,1.0,0.0,1.0,1.0,1.0,-3.251625812906454,,,,,,
6501.0,622.0,1.0,625.0,621.0,0.0,1.0,0.0,0.0,0.0,0.0,0.6441223832528209,,,,,,
6502.0,300.0,1.0,303.0,309.0,0.0,1.0,0.0,1.0,1.0,1.0,-1.9417475728155296,,,,,,
6503.0,1150.0,1.0,1151.0,1165.0,0.0,1.0,0.0,1.0,1.0,1.0,-1.201716738197419,,,,,,
6504.0,450.0,1.0,450.0,457.0,0.0,1.0,0.0,1.0,1.0,1.0,-1.5317286652078792,,,,,,
6506.0,1239.0,1.0,1238.0,1252.0,0.0,0.0,0.0,0.0,0.0,1.0,-1.1182108626198044,,,,,,
6586.0,6490.0,1.0,6489.0,6570.0,0.0,0.0,0.0,0.0,0.0,1.0,-1.2328767123287605,,,,,,
6594.0,8506.0,1.0,8479.0,8513.0,0.0,0.0,0.0,0.0,0.0,1.0,-0.39938916950545433,,,,,,
6645.0,3770.0,1.0,3765.0,3850.0,0.0,0.0,0.0,0.0,0.0,1.0,-2.2077922077922096,,,,,,
6651.0,2149.0,1.0,2143.0,2157.0,0.0,0.0,0.0,0.0,0.0,1.0,-0.6490496059341666,,,,,,
6674.0,480.0,1.0,480.0,484.0,0.0,1.0,0.0,1.0,1.0,1.0,-0.8264462809917319,,,,,,
6702.0,518.0,1.0,518.0,539.0,0.0,1.0,0.0,1.0,1.0,1.0,-3.896103896103895,,,,,,
6703.0,182.0,0.0,183.0,182.0,0.0,0.0,0.0,0.0,0.0,0.0,0.5494505494505404,,,,,,
6727.0,432.0,0.0,432.0,443.0,0.0,0.0,0.0,0.0,0.0,0.0,-2.483069977426638,,,,,,
6741.0,1144.0,1.0,1158.0,1160.0,0.0,1.0,0.0,1.0,1.0,1.0,-0.17241379310344485,,,,,,
6752.0,1233.0,1.0,1240.0,1250.0,0.0,1.0,0.0,1.0,1.0,1.0,-0.7999999999999972,,,,,,
6754.0,753.0,1.0,744.0,770.0,0.0,0.0,0.0,0.0,0.0,1.0,-3.376623376623371,,,,,,
6755.0,1324.0,1.0,1323.0,1394.0,0.0,0.0,0.0,0.0,0.0,1.0,-5.093256814921091,,,,,,
6758.0,3094.0,1.0,3046.0,3142.0,0.0,0.0,0.0,0.0,0.0,1.0,-3.0553787396562626,,,,,,
6762.0,7040.0,1.0,7010.0,7130.0,0.0,0.0,0.0,0.0,0.0,1.0,-1.683029453015422,,,,,,
6841.0,1185.0,0.0,1200.0,1218.0,0.0,0.0,0.0,0.0,0.0,0.0,-1.477832512315274,,,,,,
6856.0,4545.0,1.0,4453.0,4525.0,0.0,0.0,0.0,0.0,0.0,0.0,-1.5911602209944675,,,,,,
6861.0,53890.0,1.0,54657.0,55710.0,0.0,1.0,0.0,1.0,1.0,1.0,-1.8901453957996779,,,,,,
6869.0,6250.0,1.0,6359.0,6420.0,0.0,1.0,0.0,1.0,1.0,1.0,-0.9501557632398772,,,,,,
6902.0,5172.0,1.0,5183.0,5221.0,0.0,1.0,0.0,1.0,1.0,1.0,-0.7278299176402925,,,,,,
6923.0,2487.0,1.0,2468.0,2500.0,0.0,0.0,0.0,0.0,0.0,1.0,-1.2800000000000011,,,,,,
6952.0,2299.0,1.0,2264.0,2310.0,0.0,0.0,0.0,0.0,0.0,1.0,-1.991341991341983,,,,,,
6954.0,18795.0,1.0,18913.0,19190.0,0.0,1.0,0.0,1.0,1.0,1.0,-1.4434601354872285,,,,,,
6963.0,5560.0,1.0,5500.0,5670.0,0.0,0.0,0.0,0.0,0.0,1.0,-2.9982363315696716,,,,,,
6971.0,5559.0,1.0,5545.0,5574.0,0.0,0.0,0.0,0.0,0.0,1.0,-0.520272694653741,,,,,,
6981.0,16365.0,1.0,16313.0,16535.0,0.0,0.0,0.0,0.0,0.0,1.0,-1.3426065920774164,,,,,,
6988.0,7935.0,1.0,7724.0,8013.0,0.0,0.0,0.0,0.0,0.0,1.0,-3.6066392112816743,,,,,,
7003.0,175.0,1.0,174.0,180.0,0.0,0.0,0.0,0.0,0.0,1.0,-3.3333333333333286,,,,,,
7011.0,552.0,1.0,551.0,559.0,0.0,0.0,0.0,0.0,0.0,1.0,-1.431127012522353,,,,,,
7012.0,417.0,1.0,417.0,435.0,0.0,1.0,0.0,1.0,1.0,1.0,-4.137931034482762,,,,,,
7013.0,310.0,1.0,311.0,320.0,0.0,1.0,0.0,1.0,1.0,1.0,-2.8125,,,,,,
7014.0,893.0,1.0,895.0,929.0,0.0,1.0,0.0,1.0,1.0,1.0,-3.659849300322932,,,,,,
7177.0,753.0,1.0,746.0,765.0,0.0,0.0,0.0,0.0,0.0,1.0,-2.4836601307189596,,,,,,
7201.0,1167.0,1.0,1158.0,1161.0,0.0,0.0,0.0,0.0,0.0,0.0,-0.25839793281653556,,,,,,
7202.0,1223.0,1.0,1219.0,1259.0,0.0,0.0,0.0,0.0,0.0,1.0,-3.1771247021445674,,,,,,
7203.0,7257.0,1.0,7204.0,7246.0,0.0,0.0,0.0,0.0,0.0,0.0,-0.5796301407673212,,,,,,
7205.0,1214.0,1.0,1225.0,1269.0,0.0,1.0,0.0,1.0,1.0,1.0,-3.4672970843183606,,,,,,
7211.0,975.0,1.0,954.0,954.0,0.0,0.0,0.0,0.0,0.0,0.0,0.0,,,,,,
7240.0,2659.0,1.0,2629.0,2700.0,0.0,0.0,0.0,0.0,0.0,1.0,-2.629629629629619,,,,,,
7242.0,308.0,0.0,310.0,318.0,0.0,0.0,0.0,0.0,0.0,0.0,-2.5157232704402475,,,,,,
7245.0,1045.0,1.0,1041.0,1049.0,0.0,0.0,0.0,0.0,0.0,1.0,-0.7626310772163976,,,,,,
7248.0,958.0,1.0,944.0,949.0,0.0,0.0,0.0,0.0,0.0,0.0,-0.5268703898840954,,,,,,
7259.0,4200.0,1.0,4177.0,4240.0,0.0,0.0,0.0,0.0,0.0,1.0,-1.4858490566037688,,,,,,
7261.0,1980.0,1.0,1979.0,2008.0,0.0,0.0,0.0,0.0,0.0,1.0,-1.4442231075697265,,,,,,
7262.0,1412.0,1.0,1400.0,1424.0,0.0,0.0,0.0,0.0,0.0,1.0,-1.68539325842697,,,,,,
7267.0,3641.0,1.0,3623.0,3639.0,0.0,0.0,0.0,0.0,0.0,0.0,-0.4396812311074427,,,,,,
7269.0,3670.0,1.0,3714.0,3658.0,0.0,1.0,0.0,0.0,0.0,0.0,1.5308911973756096,,,,,,
7270.0,4516.0,1.0,4465.0,4471.0,0.0,0.0,0.0,0.0,0.0,0.0,-0.13419816595839507,,,,,,
7272.0,2528.0,1.0,2527.0,2562.0,0.0,0.0,0.0,0.0,0.0,1.0,-1.3661202185792405,,,,,,
7276.0,4060.0,1.0,4057.0,4070.0,0.0,0.0,0.0,0.0,0.0,1.0,-0.3194103194103235,,,,,,
7278.0,2725.0,1.0,2699.0,2759.0,0.0,0.0,0.0,0.0,0.0,1.0,-2.1747009786154337,,,,,,
7279.0,3525.0,1.0,3522.0,3600.0,0.0,0.0,0.0,0.0,0.0,1.0,-2.166666666666657,,,,,,
7280.0,1709.0,1.0,1692.0,1752.0,0.0,0.0,0.0,0.0,0.0,1.0,-3.4246575342465775,,,,,,
7282.0,2460.0,1.0,2441.0,2494.0,0.0,0.0,0.0,0.0,0.0,1.0,-2.125100240577382,,,,,,
7296.0,2045.0,1.0,2034.0,2032.0,0.0,0.0,0.0,0.0,0.0,0.0,0.09842519685039974,,,,,,
7309.0,18780.0,1.0,18247.0,19100.0,0.0,0.0,0.0,0.0,0.0,1.0,-4.465968586387433,,,,,,
7313.0,3470.0,1.0,3450.0,3465.0,0.0,0.0,0.0,0.0,0.0,0.0,-0.4329004329004249,,,,,,
7420.0,810.0,1.0,811.0,810.0,0.0,1.0,0.0,1.0,1.0,1.0,0.12345679012346977,,,,,,
7451.0,2715.0,1.0,2732.0,2727.0,0.0,1.0,0.0,1.0,1.0,1.0,0.1833516685001939,,,,,,
7453.0,24880.0,1.0,24870.0,25620.0,0.0,0.0,0.0,0.0,0.0,1.0,-2.9274004683840786,,,,,,
7458.0,4215.0,1.0,4237.0,4225.0,0.0,1.0,0.0,1.0,1.0,1.0,0.28402366863903694,,,,,,
7459.0,1874.0,1.0,1894.0,1928.0,0.0,1.0,0.0,1.0,1.0,1.0,-1.7634854771784347,,,,,,
7483.0,2210.0,1.0,2213.0,2219.0,0.0,1.0,0.0,1.0,1.0,1.0,-0.2703920684993193,,,,,,
7518.0,671.0,0.0,670.0,680.0,1.0,0.0,0.0,0.0,0.0,0.0,-1.470588235294116,,,,,,
7520.0,1218.0,1.0,1213.0,1248.0,0.0,0.0,0.0,0.0,0.0,1.0,-2.8044871794871824,,,,,,
7532.0,10500.0,1.0,10261.0,10500.0,0.0,0.0,0.0,0.0,0.0,1.0,-2.2761904761904788,,,,,,
7593.0,774.0,1.0,757.0,778.0,0.0,0.0,0.0,0.0,0.0,1.0,-2.699228791773777,,,,,,
7595.0,1689.0,0.0,1709.0,1710.0,0.0,0.0,0.0,0.0,0.0,0.0,-0.05847953216374435,,,,,,
7606.0,5460.0,1.0,5312.0,5600.0,0.0,0.0,0.0,0.0,0.0,1.0,-5.142857142857139,,,,,,
7628.0,1333.0,1.0,1313.0,1356.0,0.0,0.0,0.0,0.0,0.0,1.0,-3.1710914454277344,,,,,,
7649.0,5450.0,0.0,5375.0,5540.0,1.0,0.0,0.0,0.0,0.0,0.0,-2.978339350180505,,,,,,
7701.0,1745.0,1.0,1748.0,1751.0,0.0,1.0,0.0,1.0,1.0,1.0,-0.1713306681896114,,,,,,
7731.0,1498.0,1.0,1500.0,1500.0,0.0,1.0,0.0,1.0,1.0,1.0,0.0,,,,,,
7741.0,4195.0,1.0,4181.0,4330.0,0.0,0.0,0.0,0.0,0.0,1.0,-3.4411085450346377,,,,,,
7751.0,3549.0,1.0,3542.0,3529.0,0.0,0.0,0.0,0.0,0.0,0.0,0.368376310569559,,,,,,
7752.0,1244.0,1.0,1232.0,1244.0,0.0,0.0,0.0,0.0,0.0,1.0,-0.9646302250803842,,,,,,
7832.0,2828.0,1.0,2842.0,2915.0,0.0,1.0,0.0,1.0,1.0,1.0,-2.5042881646655246,,,,,,
7860.0,1330.0,1.0,1346.0,1363.0,0.0,1.0,0.0,1.0,1.0,1.0,-1.2472487160674888,,,,,,
7936.0,2858.0,1.0,2890.0,2966.0,0.0,1.0,0.0,1.0,1.0,1.0,-2.5623735670937293,,,,,,
7947.0,4650.0,1.0,4645.0,4715.0,0.0,0.0,0.0,0.0,0.0,1.0,-1.4846235418876006,,,,,,
7974.0,20925.0,1.0,20820.0,21420.0,0.0,0.0,0.0,0.0,0.0,1.0,-2.801120448179276,,,,,,
7988.0,4405.0,1.0,4375.0,4520.0,0.0,0.0,0.0,0.0,0.0,1.0,-3.207964601769902,,,,,,
8001.0,1285.0,1.0,1286.0,1332.0,0.0,1.0,0.0,1.0,1.0,1.0,-3.453453453453463,,,,,,
8002.0,589.0,1.0,589.0,604.0,0.0,1.0,0.0,1.0,1.0,1.0,-2.483443708609272,,,,,,
8012.0,1433.0,1.0,1423.0,1448.0,0.0,0.0,0.0,0.0,0.0,1.0,-1.726519337016569,,,,,,
8015.0,2508.0,1.0,2521.0,2583.0,0.0,1.0,0.0,1.0,1.0,1.0,-2.400309717382882,,,,,,
8020.0,177.0,1.0,173.0,182.0,0.0,0.0,0.0,0.0,0.0,1.0,-4.945054945054949,,,,,,
8028.0,5400.0,1.0,5449.0,5320.0,0.0,1.0,0.0,0.0,0.0,0.0,2.424812030075188,,,,,,
8031.0,1357.0,1.0,1357.0,1395.0,0.0,1.0,0.0,1.0,1.0,1.0,-2.7240143369175627,,,,,,
8036.0,2650.0,1.0,2622.0,2716.0,0.0,0.0,0.0,0.0,0.0,1.0,-3.4609720176730434,,,,,,
8043.0,313.0,0.0,314.0,313.0,0.0,0.0,0.0,0.0,0.0,0.0,0.3194888178913686,,,,,,
8051.0,954.0,0.0,965.0,1001.0,0.0,0.0,0.0,0.0,0.0,0.0,-3.59640359640359,,,,,,
8053.0,1159.0,1.0,1164.0,1197.0,0.0,1.0,0.0,1.0,1.0,1.0,-2.7568922305764403,,,,,,
8056.0,1225.0,1.0,1238.0,1246.0,0.0,1.0,0.0,1.0,1.0,1.0,-0.6420545746388342,,,,,,
8058.0,1953.0,1.0,1963.0,2054.0,0.0,1.0,0.0,1.0,1.0,1.0,-4.430379746835442,,,,,,
8088.0,704.0,1.0,700.0,713.0,0.0,0.0,0.0,0.0,0.0,1.0,-1.8232819074333833,,,,,,
8113.0,2202.0,1.0,2203.0,2250.0,0.0,1.0,0.0,1.0,1.0,1.0,-2.0888888888888886,,,,,,
8114.0,1586.0,0.0,1633.0,1623.0,0.0,0.0,0.0,0.0,0.0,0.0,0.6161429451632756,,,,,,
8129.0,2458.0,1.0,2501.0,2529.0,0.0,1.0,0.0,1.0,1.0,1.0,-1.107156979043097,,,,,,
8136.0,3235.0,1.0,3267.0,3310.0,0.0,1.0,0.0,1.0,1.0,1.0,-1.2990936555891182,,,,,,
8137.0,1076.0,1.0,1070.0,1079.0,0.0,0.0,0.0,0.0,0.0,1.0,-0.834105653382764,,,,,,
8184.0,2522.0,1.0,2589.0,2590.0,0.0,1.0,0.0,1.0,1.0,1.0,-0.038610038610045194,,,,,,
8214.0,1471.0,1.0,1472.0,1509.0,0.0,1.0,0.0,1.0,1.0,1.0,-2.4519549370444054,,,,,,
8218.0,2579.0,1.0,2607.0,2598.0,0.0,1.0,0.0,1.0,1.0,1.0,0.34642032332563133,,,,,,
8227.0,13200.0,1.0,13141.0,13490.0,0.0,0.0,0.0,0.0,0.0,1.0,-2.5871015567086744,,,,,,
8233.0,991.0,1.0,983.0,1007.0,0.0,0.0,0.0,0.0,0.0,1.0,-2.3833167825223427,,,,,,
8253.0,2212.0,1.0,2226.0,2261.0,0.0,1.0,0.0,1.0,1.0,1.0,-1.5479876160990642,,,,,,
8267.0,1959.0,1.0,1939.0,1972.0,0.0,0.0,0.0,0.0,0.0,1.0,-1.6734279918864132,,,,,,
8270.0,745.0,1.0,750.0,727.0,0.0,1.0,0.0,0.0,0.0,0.0,3.1636863823933936,,,,,,
8273.0,4930.0,1.0,4942.0,4925.0,0.0,1.0,0.0,0.0,0.0,0.0,0.34517766497461366,,,,,,
8282.0,4075.0,1.0,4007.0,4045.0,0.0,0.0,0.0,0.0,0.0,0.0,-0.939431396786162,,,,,,
8303.0,247.0,1.0,250.0,243.0,0.0,1.0,0.0,0.0,0.0,0.0,2.8806584362139915,,,,,,
8304.0,406.0,0.0,408.0,407.0,0.0,0.0,0.0,0.0,0.0,0.0,0.24570024570024884,,,,,,
8306.0,747.0,1.0,744.0,748.0,0.0,0.0,0.0,0.0,0.0,1.0,-0.5347593582887669,,,,,,
8308.0,625.0,1.0,626.0,628.0,0.0,1.0,0.0,1.0,1.0,1.0,-0.31847133757962354,,,,,,
8309.0,446.0,1.0,446.0,449.0,0.0,1.0,0.0,1.0,1.0,1.0,-0.6681514476614723,,,,,,
8316.0,4719.0,1.0,4712.0,4733.0,0.0,0.0,0.0,0.0,0.0,1.0,-0.4436932178322479,,,,,,
8327.0,323.0,1.0,327.0,323.0,0.0,1.0,0.0,1.0,1.0,1.0,1.2383900928792428,,,,,,
8331.0,851.0,1.0,853.0,842.0,0.0,1.0,0.0,0.0,0.0,0.0,1.306413301662701,,,,,,
8332.0,723.0,1.0,726.0,722.0,0.0,1.0,0.0,0.0,0.0,0.0,0.554016620498615,,,,,,
8333.0,619.0,1.0,626.0,614.0,0.0,1.0,0.0,0.0,0.0,0.0,1.9543973941368051,,,,,,
8334.0,752.0,1.0,758.0,750.0,0.0,1.0,0.0,0.0,0.0,0.0,1.0666666666666629,,,,,,
8354.0,558.0,1.0,567.0,557.0,0.0,1.0,0.0,0.0,0.0,0.0,1.7953321364452535,,,,,,
8355.0,1190.0,1.0,1200.0,1185.0,0.0,1.0,0.0,0.0,0.0,0.0,1.2658227848101262,,,,,,
8356.0,534.0,1.0,534.0,531.0,0.0,1.0,0.0,0.0,0.0,0.0,0.5649717514124291,,,,,,
8358.0,2236.0,1.0,2242.0,2232.0,0.0,1.0,0.0,0.0,0.0,0.0,0.44802867383512535,,,,,,
8359.0,844.0,1.0,847.0,839.0,0.0,1.0,0.0,0.0,0.0,0.0,0.9535160905840314,,,,,,
8377.0,267.0,0.0,269.0,265.0,0.0,0.0,0.0,0.0,0.0,1.0,1.5094339622641542,,,,,,
8379.0,674.0,1.0,683.0,674.0,0.0,1.0,0.0,1.0,1.0,1.0,1.3353115727003058,,,,,,
8382.0,1733.0,1.0,1752.0,1718.0,0.0,1.0,0.0,0.0,0.0,0.0,1.9790454016298042,,,,,,
8385.0,1373.0,1.0,1381.0,1364.0,0.0,1.0,0.0,0.0,0.0,0.0,1.2463343108504432,,,,,,
8410.0,509.0,0.0,511.0,509.0,0.0,0.0,0.0,0.0,0.0,0.0,0.39292730844793766,,,,,,
8411.0,229.0,1.0,229.0,231.0,0.0,1.0,0.0,1.0,1.0,1.0,-0.865800865800864,,,,,,
8418.0,1465.0,1.0,1471.0,1454.0,0.0,1.0,0.0,0.0,0.0,0.0,1.1691884456671318,,,,,,
8424.0,4730.0,1.0,4732.0,4825.0,0.0,1.0,0.0,1.0,1.0,1.0,-1.9274611398963657,,,,,,
8425.0,2335.0,1.0,2356.0,2350.0,0.0,1.0,0.0,1.0,1.0,1.0,0.2553191489361666,,,,,,
8439.0,3615.0,1.0,3597.0,3715.0,0.0,0.0,0.0,0.0,0.0,1.0,-3.176312247644688,,,,,,
8473.0,1384.0,1.0,1385.0,1412.0,0.0,1.0,0.0,1.0,1.0,1.0,-1.9121813031161423,,,,,,
8508.0,987.0,1.0,993.0,1016.0,0.0,1.0,0.0,1.0,1.0,1.0,-2.263779527559052,,,,,,
8515.0,461.0,1.0,458.0,468.0,0.0,0.0,0.0,0.0,0.0,1.0,-2.1367521367521363,,,,,,
8524.0,473.0,1.0,474.0,473.0,0.0,1.0,0.0,1.0,1.0,1.0,0.21141649048625766,,,,,,
8544.0,620.0,1.0,628.0,611.0,0.0,1.0,0.0,0.0,0.0,0.0,2.782324058919812,,,,,,
8566.0,3320.0,1.0,3302.0,3305.0,0.0,0.0,0.0,0.0,0.0,0.0,-0.09077155824508054,,,,,,
8570.0,2405.0,1.0,2428.0,2477.0,0.0,1.0,0.0,1.0,1.0,1.0,-1.9781994348001604,,,,,,
8572.0,645.0,1.0,640.0,667.0,0.0,0.0,0.0,0.0,0.0,1.0,-4.04797601199401,,,,,,
8586.0,3080.0,1.0,3042.0,3085.0,0.0,0.0,0.0,0.0,0.0,1.0,-1.3938411669367952,,,,,,
8591.0,1652.0,1.0,1640.0,1669.0,0.0,0.0,0.0,0.0,0.0,1.0,-1.737567405632106,,,,,,
8593.0,534.0,1.0,536.0,557.0,0.0,1.0,0.0,1.0,1.0,1.0,-3.770197486535011,,,,,,
8601.0,791.0,1.0,792.0,801.0,0.0,1.0,0.0,1.0,1.0,1.0,-1.1235955056179847,,,,,,
8604.0,707.0,1.0,706.0,714.0,0.0,0.0,0.0,0.0,0.0,1.0,-1.1204481792717047,,,,,,
8609.0,728.0,1.0,733.0,733.0,0.0,1.0,0.0,1.0,1.0,1.0,0.0,,,,,,
8616.0,723.0,1.0,726.0,732.0,0.0,1.0,0.0,1.0,1.0,1.0,-0.8196721311475414,,,,,,
8628.0,1070.0,1.0,1071.0,1071.0,0.0,1.0,0.0,1.0,1.0,1.0,0.0,,,,,,
8697.0,3405.0,0.0,3355.0,3405.0,1.0,0.0,0.0,0.0,0.0,0.0,-1.4684287812041106,,,,,,
8729.0,1985.0,1.0,1989.0,2028.0,0.0,1.0,0.0,1.0,1.0,1.0,-1.923076923076934,,,,,,
8750.0,1934.0,1.0,1929.0,1942.0,0.0,0.0,0.0,0.0,0.0,1.0,-0.6694129763130832,,,,,,
8766.0,4482.0,1.0,4463.0,4500.0,0.0,0.0,0.0,0.0,0.0,1.0,-0.8222222222222229,,,,,,
8795.0,1420.0,1.0,1417.0,1446.0,0.0,0.0,0.0,0.0,0.0,1.0,-2.0055325034578146,,,,,,
8801.0,3402.0,1.0,3415.0,3432.0,0.0,1.0,0.0,1.0,1.0,1.0,-0.49533799533799083,,,,,,
8802.0,2510.0,1.0,2527.0,2523.0,0.0,1.0,0.0,1.0,1.0,1.0,0.1585414189456884,,,,,,
8830.0,3996.0,1.0,4016.0,4006.0,0.0,1.0,0.0,1.0,1.0,1.0,0.24962556165750982,,,,,,
8840.0,204.0,1.0,206.0,211.0,0.0,1.0,0.0,1.0,1.0,1.0,-2.3696682464454994,,,,,,
8848.0,568.0,1.0,569.0,571.0,0.0,1.0,0.0,1.0,1.0,1.0,-0.3502626970227567,,,,,,
8870.0,3165.0,1.0,3192.0,3195.0,0.0,1.0,0.0,1.0,1.0,1.0,-0.09389671361502394,,,,,,
8876.0,12260.0,1.0,12166.0,12240.0,0.0,0.0,0.0,0.0,0.0,0.0,-0.6045751633986924,,,,,,
8897.0,625.0,1.0,615.0,619.0,0.0,0.0,0.0,0.0,0.0,0.0,-0.6462035541195519,,,,,,
8905.0,1880.0,1.0,1881.0,1909.0,0.0,1.0,0.0,1.0,1.0,1.0,-1.4667365112624395,,,,,,
8933.0,1150.0,1.0,1152.0,1164.0,0.0,1.0,0.0,1.0,1.0,1.0,-1.0309278350515427,,,,,,
9001.0,516.0,1.0,515.0,526.0,0.0,0.0,0.0,0.0,0.0,1.0,-2.091254752851711,,,,,,
9003.0,680.0,1.0,676.0,682.0,0.0,0.0,0.0,0.0,0.0,1.0,-0.8797653958944238,,,,,,
9005.0,914.0,1.0,911.0,914.0,0.0,0.0,0.0,0.0,0.0,1.0,-0.3282275711159741,,,,,,
9007.0,1093.0,1.0,1093.0,1110.0,0.0,1.0,0.0,1.0,1.0,1.0,-1.5315315315315274,,,,,,
9008.0,855.0,1.0,856.0,865.0,0.0,1.0,0.0,1.0,1.0,1.0,-1.0404624277456662,,,,,,
9009.0,1337.0,1.0,1332.0,1375.0,0.0,0.0,0.0,0.0,0.0,1.0,-3.127272727272725,,,,,,
9020.0,10340.0,1.0,10307.0,10505.0,0.0,0.0,0.0,0.0,0.0,1.0,-1.8848167539266996,,,,,,
9021.0,7802.0,1.0,7773.0,7875.0,0.0,0.0,0.0,0.0,0.0,1.0,-1.2952380952380906,,,,,,
9022.0,19620.0,1.0,19624.0,20105.0,0.0,1.0,0.0,1.0,1.0,1.0,-2.3924396916190034,,,,,,
9031.0,598.0,1.0,598.0,609.0,0.0,1.0,0.0,1.0,1.0,1.0,-1.8062397372742112,,,,,,
9041.0,445.0,1.0,443.0,448.0,0.0,0.0,0.0,0.0,0.0,1.0,-1.1160714285714306,,,,,,
9042.0,737.0,1.0,737.0,751.0,0.0,1.0,0.0,1.0,1.0,1.0,-1.864181091877498,,,,,,
9045.0,818.0,1.0,814.0,828.0,0.0,0.0,0.0,0.0,0.0,1.0,-1.690821256038646,,,,,,
9048.0,470.0,1.0,471.0,480.0,0.0,1.0,0.0,1.0,1.0,1.0,-1.875,,,,,,
9062.0,580.0,1.0,583.0,593.0,0.0,1.0,0.0,1.0,1.0,1.0,-1.6863406408094477,,,,,,
9064.0,2336.0,1.0,2337.0,2347.0,0.0,1.0,0.0,1.0,1.0,1.0,-0.42607584149978095,,,,,,
9065.0,591.0,1.0,592.0,592.0,0.0,1.0,0.0,1.0,1.0,1.0,0.0,,,,,,
9069.0,869.0,1.0,860.0,877.0,0.0,0.0,0.0,0.0,0.0,1.0,-1.9384264538198437,,,,,,
9076.0,1260.0,1.0,1272.0,1270.0,0.0,1.0,0.0,1.0,1.0,1.0,0.15748031496063675,,,,,,
9086.0,2006.0,1.0,2006.0,2011.0,0.0,1.0,0.0,1.0,1.0,1.0,-0.24863252113375722,,,,,,
9202.0,341.0,1.0,339.0,348.0,0.0,0.0,0.0,0.0,0.0,1.0,-2.5862068965517295,,,,,,
9301.0,1413.0,1.0,1411.0,1418.0,0.0,0.0,0.0,0.0,0.0,1.0,-0.49365303244005077,,,,,,
9364.0,987.0,1.0,996.0,973.0,0.0,1.0,0.0,0.0,0.0,0.0,2.3638232271325705,,,,,,
9375.0,4260.0,0.0,4217.0,4260.0,1.0,0.0,0.0,0.0,0.0,0.0,-1.0093896713615038,,,,,,
9404.0,1941.0,1.0,1966.0,1978.0,0.0,1.0,0.0,1.0,1.0,1.0,-0.6066734074823046,,,,,,
9422.0,1198.0,1.0,1202.0,1210.0,0.0,1.0,0.0,1.0,1.0,1.0,-0.6611570247933969,,,,,,
9432.0,9075.0,1.0,8821.0,9075.0,0.0,0.0,0.0,0.0,0.0,1.0,-2.798898071625345,,,,,,
9435.0,8810.0,1.0,8740.0,8560.0,0.0,0.0,0.0,0.0,0.0,0.0,2.1028037383177463,,,,,,
9437.0,2065.0,1.0,2065.0,2073.0,0.0,1.0,0.0,1.0,1.0,1.0,-0.38591413410516395,,,,,,
9449.0,1557.0,1.0,1556.0,1582.0,0.0,0.0,0.0,0.0,0.0,1.0,-1.6434892541087152,,,,,,
9468.0,1612.0,1.0,1613.0,1632.0,0.0,1.0,0.0,1.0,1.0,1.0,-1.1642156862745026,,,,,,
9501.0,812.0,1.0,814.0,823.0,0.0,1.0,0.0,1.0,1.0,1.0,-1.0935601458080129,,,,,,
9503.0,1379.0,1.0,1372.0,1418.0,0.0,0.0,0.0,0.0,0.0,1.0,-3.2440056417489416,,,,,,
9513.0,3710.0,1.0,3702.0,3730.0,0.0,0.0,0.0,0.0,0.0,1.0,-0.7506702412868691,,,,,,
9531.0,565.0,0.0,569.0,562.0,0.0,0.0,0.0,0.0,0.0,1.0,1.2455516014234718,,,,,,
9532.0,453.0,1.0,453.0,458.0,0.0,1.0,0.0,1.0,1.0,1.0,-1.0917030567685515,,,,,,
9600.0,1213.0,0.0,1221.0,1211.0,0.0,0.0,0.0,0.0,0.0,1.0,0.8257638315441795,,,,,,
9602.0,2847.0,1.0,2818.0,2868.0,0.0,0.0,0.0,0.0,0.0,1.0,-1.7433751743375154,,,,,,
9603.0,3980.0,1.0,3967.0,4040.0,0.0,0.0,0.0,0.0,0.0,1.0,-1.8069306930693045,,,,,,
9613.0,5840.0,0.0,5919.0,6130.0,0.0,0.0,0.0,0.0,0.0,0.0,-3.4420880913539946,,,,,,
9627.0,6480.0,1.0,6417.0,6760.0,0.0,0.0,0.0,0.0,0.0,1.0,-5.073964497041416,,,,,,
9640.0,1192.0,1.0,1195.0,1185.0,0.0,1.0,0.0,0.0,0.0,0.0,0.8438818565400794,,,,,,
9682.0,2831.0,1.0,2836.0,2873.0,0.0,1.0,0.0,1.0,1.0,1.0,-1.2878524190741416,,,,,,
9684.0,2903.0,0.0,2924.0,3045.0,0.0,0.0,0.0,0.0,0.0,0.0,-3.9737274220032788,,,,,,
9719.0,4490.0,1.0,4507.0,4535.0,0.0,1.0,0.0,1.0,1.0,1.0,-0.6174200661521496,,,,,,
9735.0,7193.0,0.0,7175.0,7303.0,1.0,0.0,0.0,0.0,0.0,0.0,-1.75270436806791,,,,,,
9739.0,903.0,1.0,909.0,892.0,0.0,1.0,0.0,0.0,0.0,0.0,1.9058295964125733,,,,,,
9742.0,1072.0,1.0,1088.0,1099.0,0.0,1.0,0.0,1.0,1.0,1.0,-1.000909918107368,,,,,,
9766.0,2534.0,0.0,2549.0,2622.0,0.0,0.0,0.0,0.0,0.0,0.0,-2.78413424866514,,,,,,
9783.0,3110.0,0.0,3144.0,3165.0,0.0,0.0,0.0,0.0,0.0,0.0,-0.6635071090047404,,,,,,
9787.0,3480.0,1.0,3497.0,3410.0,0.0,1.0,0.0,0.0,0.0,0.0,2.551319648093852,,,,,,
9810.0,363.0,1.0,363.0,383.0,0.0,1.0,0.0,1.0,1.0,1.0,-5.221932114882506,,,,,,
9831.0,504.0,1.0,504.0,506.0,0.0,1.0,0.0,1.0,1.0,1.0,-0.3952569169960469,,,,,,
9843.0,9740.0,1.0,9660.0,9660.0,0.0,0.0,0.0,0.0,0.0,0.0,0.0,,,,,,
9934.0,3675.0,1.0,3672.0,3675.0,0.0,0.0,0.0,0.0,0.0,1.0,-0.08163265306122014,,,,,,
9936.0,4025.0,1.0,4012.0,4020.0,0.0,0.0,0.0,0.0,0.0,0.0,-0.19900497512436743,,,,,,
9948.0,2297.0,1.0,2292.0,2294.0,0.0,0.0,0.0,0.0,0.0,0.0,-0.087183958151698,,,,,,
9956.0,3125.0,1.0,3117.0,3070.0,0.0,0.0,0.0,0.0,0.0,0.0,1.530944625407173,,,,,,
9962.0,5480.0,1.0,5475.0,5480.0,0.0,0.0,0.0,0.0,0.0,1.0,-0.09124087591241903,,,,,,
9983.0,48730.0,1.0,49014.0,49730.0,0.0,1.0,0.0,1.0,1.0,1.0,-1.4397747838326893,,,,,,
9984.0,5625.0,1.0,5626.0,5864.0,0.0,1.0,0.0,1.0,1.0,1.0,-4.058663028649391,,,,,,
9989.0,6370.0,1.0,6429.0,6590.0,0.0,1.0,0.0,1.0,1.0,1.0,-2.4430955993930183,,,,,,
Total,,,,,45.0,210.0,7.0,180.0,187.0,354.0,,402.0,72.39263803680981,73.33333333333333,-1.5629568826770008,4.423841059602651,-22.08976157082749
