銘柄コード,銘柄名称,株価,前日終値,予想株価 (PERxEPS),始値,高値,安値,出来高,時価総額 (百万円),発行済株式数,配当利回り (会社予想),1 株配当 (会社予想),PER (会社予想),PBR (実績),EPS (会社予想),BPS (実績),最低購入代金,単元株数,年初来高値,年初来安値
1417,(株)ミライト・ホールディングス,1136,1152,1136.058,1153,1156,1111,315200,96994,85381866,2.64,30.0,9.24,0.75,122.95,1504.71,113600,100,1491,1027
1605,国際石油開発帝石(株),1222,1229,1222.215,1239,1249,1203,6756900,1786959,1462323600,1.47,18.0,25.5,0.58,47.93,2100.26,122200,100,1556,1074
1719,安藤ハザマ,795,782,795.06,778,795,774,2553200,147241,185209189,1.26,10.0,14.0,2.22,56.79,358.66,79500,100,799,605
1721,コムシスホールディングス(株),1510,1524,1510.117,1506,1518,1491,736900,220427,145977886,2.32,35.0,10.15,0.9,148.78,1676.3,151000,100,1918,1381
1722,ミサワホーム(株),869,863,868.4998999999999,878,878,856,292600,33664,38738914,2.3,20.0,8.11,1.0,107.09,870.06,86900,100,1182,781
1801,大成建設(株),822,818,822.1099999999999,823,830,812,12748000,962783,1171268860,0.97,8.0,22.9,1.95,35.9,422.2,822000,1000,856,648
1802,(株)大林組,1050,1054,1049.9314,1054,1074,1045,5174000,757585,721509646,0.95,10.0,25.13,1.47,41.78,716.38,1050000,1000,1098,717
1808,(株)長谷工コーポレーション,1427,1462,1427.4318,1446,1448,1413,3206900,429234,300794397,0.7,10.0,12.26,2.87,116.43,496.74,142700,100,1699,923
1812,鹿島,682,685,681.9456,695,695,673,6934000,721087,1057312022,0.88,6.0,28.32,1.61,24.08,424.2,682000,1000,730,449
1878,大東建託(株),13270,13255,13268.3967,13270,13340,13170,320600,1052635,79324379,3.01,399.0,16.47,4.3,805.61,3085.68,1327000,100,14590,11860
1881,(株)ＮＩＰＰＯ,2065,2049,2064.946,2027,2067,2020,220000,246565,119401836,1.21,25.0,11.18,1.0,184.7,2073.99,2065000,1000,2254,1596
1911,住友林業(株),1360,1350,1359.6115,1349,1366,1334,549100,241278,177410239,1.76,24.0,12.35,1.0,110.09,1359.99,136000,100,1664,1060
1925,大和ハウス工業(株),2981,2994,2980.8154000000004,2957,2995,2925,2073500,1986056,666238205,2.35,70.0,15.71,1.74,189.74,1710.73,298100,100,3362,2120
1928,積水ハウス(株),1812,1812,1812.6928999999998,1806,1821,1790,2932900,1286301,709683466,2.98,54.0,13.69,1.21,132.41,1496.47,181250,100,2115,1472
1951,(株)協和エクシオ,1247,1247,1247.54,1250,1257,1231,468200,146912,117812419,2.57,32.0,9.31,0.84,134.0,1481.89,124700,100,1543,1141
1952,新日本空調(株),983,992,983.1465,992,993,969,16500,24852,25282225,2.03,20.0,14.49,0.66,67.85,1496.53,98300,100,1212,855
1963,日揮(株),1773,1833,1772.2536,1825,1826,1771,3714000,459301,259052929,2.26,40.0,11.18,1.14,158.52,1556.44,1773000,1000,2585,1694
1983,東芝プラントシステム(株),1325,1303,1325.5244,1323,1349,1301,776100,129395,97656888,2.83,37.5,10.76,1.1,123.19,1206.53,132500,100,1882,1122
2002,(株)日清製粉グループ本社,1658,1675,1657.9329,1663,1680,1644,1383500,504625,304357891,1.45,24.0,31.03,1.35,53.43,1228.17,165800,100,1880,1187
2121,(株)ミクシィ,4170,4330,4172.9559,4190,4195,4015,4117800,351512,84295500,3.09,129.0,6.47,5.19,644.97,803.38,417000,100,6670,3750
2131,(株)アコーディア・ゴルフ,1221,1233,1221.1499999999999,1226,1238,1215,822900,103466,84739000,2.95,36.0,21.0,1.87,58.15,652.57,122100,100,1337,1077
2181,テンプホールディングス(株),5420,5300,5420.187,5250,5450,5120,393500,410975,75825567,0.66,36.0,26.1,3.86,207.67,1403.16,542000,100,5770,3655
2229,カルビー(株),4645,4630,4644.4324,4630,4675,4535,531200,620878,133665800,0.71,33.0,39.22,5.65,118.42,822.42,464500,100,5700,4050
2267,(株)ヤクルト本社,6780,6860,6780.765600000001,6840,6850,6670,687600,1192671,175910218,0.74,50.0,40.74,3.41,166.44,1987.08,678000,100,9030,6100
2269,明治ホールディングス(株),19750,19670,19750.8452,19700,19850,19370,343000,1507749,76341700,0.56,110.0,29.08,3.73,679.19,5292.99,1975000,100,21320,10690
2282,日本ハム(株),2800,2798,2799.4560000000006,2810,2812,2778,726000,571200,204000000,1.43,40.0,21.12,1.61,132.55,1740.54,2800000,1000,3235,2464
2294,(株)柿安本店,1889,1890,1889.1512,1899,1899,1871,5100,23512,12446700,2.22,42.0,15.76,1.63,119.87,1161.39,188900,100,2036,1712
2317,(株)システナ,1142,1121,,1121,1154,1112,64800,32182,28180000,2.8,32.0,,2.24,,508.93,114200,100,1305,835
2327,新日鉄住金ソリューションズ(株),4695,4665,4695.8928,4660,4700,4580,96600,248831,52999120,1.49,70.0,20.22,2.29,232.24,2048.78,469500,100,5260,2750
2331,ＡＬＳＯＫ,5300,5070,5300.2208,5170,5330,5110,594500,540812,102040042,0.75,40.0,31.34,2.92,169.12,1815.83,530000,100,5910,2840
2359,(株)コア,842,833,842.061,825,853,825,25300,12491,14834580,2.38,20.0,19.38,1.58,43.45,534.32,84200,100,947,752
2371,(株)カカクコム,1928,1934,1928.1108000000002,1956,1981,1910,1947300,427580,221773700,,,32.34,16.31,59.62,118.19,192800,100,2177,1580
2395,(株)新日本科学,492,490,491.9936,492,495,483,185000,19570,39776000,,,180.88,1.66,2.72,296.94,49200,100,972,426
2412,(株)ベネフィット・ワン,2180,2145,2179.6992000000005,2135,2180,2068,84200,98414,45144000,1.1,24.0,32.13,8.01,67.84,272.23,218000,100,3080,1225
2413,エムスリー(株),2812,2700,2811.865,2729,2845,2714,2296600,909957,323597800,,,80.5,19.78,34.93,142.13,281200,100,3180,1987
2432,(株)ディー・エヌ・エー,2216,2222,,2172,2230,2160,1411500,334195,150810033,,,,1.62,,1371.37,221600,100,2705,1367
2433,(株)博報堂ＤＹホールディングス,1214,1229,1214.1319999999998,1222,1227,1201,1038400,471710,388558100,1.48,18.0,21.65,1.73,56.08,702.58,121400,100,1467,1062
2502,アサヒグループホールディングス(株),4002,3922,4002.1287,3920,4003,3860,2198400,1935552,483585862,1.2,48.0,24.63,2.1,162.49,1903.8,400250,100,4395,3550
2503,キリンホールディングス(株),1782,1777,1781.9034,1774,1788,1744,3480500,1628748,914000000,2.13,38.0,24.27,1.93,73.42,922.8,178200,100,1915,1400
2593,(株)伊藤園,2869,2741,2868.6322,2747,2870,2747,696100,255950,89212380,1.39,40.0,29.23,2.78,98.14,1031.19,286900,100,3140,2075
2651,(株)ローソン,8660,8510,8659.2,8590,8710,8520,541400,868598,100300000,2.83,245.0,24.6,3.43,352.0,2525.06,866000,100,9770,7190
2670,(株)エービーシー・マート,7360,7210,7358.4036,7150,7390,7080,384800,576425,78318671,1.36,100.0,21.48,3.5,342.57,2104.43,736000,100,8020,5490
2674,(株)ハードオフコーポレーション,1449,1453,1448.901,1450,1453,1432,17400,20219,13954000,2.42,35.0,15.63,1.65,92.7,880.21,144900,100,1698,920
2681,(株)ゲオホールディングス,1841,1844,1840.8318000000002,1844,1849,1803,224400,100458,54567200,1.74,32.0,21.41,1.49,85.98,1236.77,184100,100,2034,961
2695,(株)くらコーポレーション,3375,3415,3374.4980000000005,3460,3460,3335,72300,69862,20699800,0.36,12.0,21.17,2.77,159.4,1220.17,337500,100,4965,2926
2702,日本マクドナルドホールディングス(株),2670,2653,,2652,2670,2635,521100,355003,132960000,,,,3.03,-285.8,881.47,267000,100,2680,2451
2726,(株)パル,3610,3590,3609.0489000000002,3585,3610,3500,95200,83521,23136000,1.8,65.0,14.81,2.34,243.69,1539.72,361000,100,4445,2880
2768,双日(株),257,262,257.0388,261,261,253,17673500,321635,1251499501,3.11,8.0,8.04,0.54,31.97,478.96,25700,100,329,152
2780,(株)コメ兵,3050,3015,3050.4856,3060,3095,3000,55000,34334,11257000,0.98,30.0,16.36,1.96,186.46,1554.55,305000,100,4095,2747
2782,(株)セリア,5850,5750,5849.974,5680,5850,5650,28900,221832,37920000,0.51,30.0,31.69,6.52,184.6,897.72,585000,100,6290,3300
2784,アルフレッサ　ホールディングス(株),2214,2220,2214.3920999999996,2219,2221,2182,712100,520329,235017600,1.45,32.0,20.81,1.39,106.41,1598.18,221400,100,2489,1331
2801,キッコーマン(株),3905,3950,3905.0361,3910,3920,3860,814000,821546,210383202,0.61,24.0,44.87,3.21,87.03,1215.52,3905000,1000,4400,2809
2802,味の素(株),2671,2642,2671.0656,2647,2691,2623,3047000,1588128,594470654,0.97,26.0,24.32,2.24,109.83,1191.03,2671500,1000,2960,2156
2809,キユーピー(株),2676,2637,2676.1539000000002,2640,2677,2626,850100,409428,153000000,0.97,26.0,25.71,1.97,104.09,1357.88,267600,100,3645,2094
2871,(株)ニチレイ,742,736,742.1658,728,743,727,778000,219521,295851065,1.62,12.0,18.77,1.43,39.54,517.79,742000,1000,967,532
2875,東洋水産(株),4550,4455,4550.775,4525,4590,4485,585500,504509,110881044,1.32,60.0,25.82,1.83,176.25,2485.39,455000,100,5020,3770
2897,日清食品ホールディングス(株),5760,5740,5760.4025,5740,5780,5680,215700,676591,117463685,1.39,80.0,31.75,1.73,181.43,3338.12,576000,100,6620,5110
2914,ＪＴ,4329,4300,4330.804,4299,4342,4252,3016900,8659000,2000000000,2.49,108.0,16.55,3.1,261.68,1396.31,432950,100,4848,3101
2915,ケンコーマヨネーズ(株),1667,1633,1666.479,1664,1690,1643,20000,23690,14211000,1.5,25.0,13.38,1.28,124.55,1305.27,166700,100,1793,1381
3003,ヒューリック(株),1116,1125,1116.1389,1115,1124,1093,1273400,739349,662498871,1.12,12.5,26.43,2.45,42.23,455.97,111600,100,1456,1003
3048,(株)ビックカメラ,1172,1195,1172.1628,1194,1195,1166,980200,211462,180428297,0.85,10.0,19.78,2.17,59.26,539.08,117200,100,1641,1029
3064,(株)ＭｏｎｏｔａＲＯ,6140,6080,6139.860999999999,6020,6170,5960,336600,381546,62141000,0.39,24.0,86.66,34.55,70.85,177.71,614000,100,7280,2282
3086,Ｊ．フロント　リテイリング(株),1969,1971,1969.4168,1961,1977,1932,965800,527927,268119164,1.32,26.0,18.52,1.34,106.34,1464.65,196900,100,2512,1331
3088,(株)マツモトキヨシホールディングス,5830,5760,5829.2390000000005,5770,5870,5670,495100,318529,54636107,1.2,70.0,24.05,1.94,242.38,3001.88,583000,100,6950,3280
3092,(株)スタートトゥデイ,3700,3730,3699.5589000000004,3660,3705,3590,609000,406616,109896300,1.27,47.0,31.89,13.73,116.01,269.51,370000,100,4455,2364
3099,(株)三越伊勢丹ホールディングス,1942,1939,1942.2266,1937,1950,1912,2060000,767067,394987954,0.57,11.0,30.62,1.35,63.43,1438.66,194200,100,2395,1460
3116,トヨタ紡織(株),2022,2045,2022.2055,2040,2045,2004,385900,379460,187665738,0.99,20.0,22.05,1.68,91.71,1203.96,202200,100,2400,1340
3141,ウエルシアホールディングス(株),5820,5460,5819.5904,5500,5820,5450,213200,264660,45474196,0.69,40.0,29.38,3.43,198.08,1698.92,582000,100,6770,3560
3193,(株)鳥貴族,2505,2463,2505.0036,2489,2536,2460,58500,28438,11352300,0.13,3.33,51.29,10.4,48.84,240.97,250500,100,3180,1213
3197,(株)すかいらーく,1873,1808,1872.7840999999999,1792,1873,1760,1996200,363753,194208700,1.6,30.0,25.63,3.74,73.07,500.24,187300,100,1958,1168
3231,野村不動産ホールディングス(株),2278,2278,2277.9042000000004,2259,2284,2245,767200,435954,191375900,2.19,50.0,11.46,1.11,198.77,2056.13,227800,100,2700,1911
3289,東急不動産ホールディングス(株),834,841,834.0348,835,838,824,2000900,534453,640830974,1.32,11.0,19.16,1.28,43.53,652.71,83400,100,1016,726
3291,飯田グループホールディングス(株),2148,2068,2147.6762999999996,2064,2157,2064,1472400,632439,294431639,1.77,38.0,16.83,1.16,127.61,1845.71,214800,100,2459,1421
3349,(株)コスモス薬品,15550,14970,15547.105199999998,15010,15570,14880,75300,311006,20000400,0.39,60.0,26.31,4.73,590.92,3285.7,1555000,100,19610,13600
3360,シップヘルスケアホールディングス(株),2666,2627,2666.16,2620,2678,2585,229800,132342,49640700,1.95,52.0,15.87,1.79,168.0,1493.51,266600,100,3070,2366
3382,(株)セブン＆アイ・ホールディングス,5290,5372,5289.6513,5281,5310,5204,2420000,4689278,886441983,1.46,77.0,24.23,2.03,218.31,2610.66,529000,100,5998,4118
3391,(株)ツルハホールディングス,9860,9560,9858.469799999999,9580,9870,9540,333600,479128,48593068,0.89,88.0,26.38,3.57,373.71,2765.6,986000,100,11890,6840
3402,東レ(株),1072,1089,1072.271,1099,1099,1064,5728000,1748948,1631481403,1.12,12.0,19.7,1.72,54.43,621.91,1072000,1000,1126,928
3405,(株)クラレ,1435,1484,1435.26,1477,1481,1424,2512500,509229,354863603,2.79,40.0,12.59,1.02,114.0,1410.83,143500,100,1688,1320
3407,旭化成(株),968,983,968.2288,974,981,959,4396000,1358294,1402616332,2.07,20.0,12.76,1.23,75.88,788.55,968400,1000,1260,905
3436,(株)ＳＵＭＣＯ,1117,1102,,1135,1174,1092,5898600,327600,293285539,1.79,20.0,,1.57,,711.72,111700,100,2458,1001
3512,日本フエルト(株),525,519,525.1715,520,525,517,10800,10417,19842089,2.48,13.0,12.67,0.63,41.45,829.58,52500,100,589,481
3606,(株)レナウン,158,155,157.9752,155,158,152,209100,16007,101307449,0.0,0.0,26.64,0.62,5.93,255.96,15800,100,316,108
3626,ＩＴホールディングス(株),2843,2843,2843.3862,2878,2884,2803,390200,249584,87789098,1.16,33.0,19.43,1.35,146.34,2102.69,284300,100,2998,1742
3632,グリー(株),572,581,,575,578,566,1292900,137703,240740000,,,,1.41,,406.27,57200,100,880,537
3636,(株)三菱総合研究所,3000,2984,3000.448,2934,3000,2934,9400,49272,16424080,1.67,50.0,14.08,1.3,213.1,2308.65,300000,100,3215,2653
3639,(株)ボルテージ,1526,1564,1525.8694,1549,1549,1481,136900,7867,5155469,,,19.58,2.09,77.93,731.67,152600,100,3055,968
3641,(株)パピレス,3620,3400,3620.8160000000003,3520,3740,3500,48600,9346,2581720,0.14,5.0,15.52,2.95,233.3,1225.13,362000,100,3950,1800
3656,ＫＬａｂ(株),1440,1474,,1448,1466,1408,2270900,54371,37757400,0.0,0.0,,5.34,,269.43,144000,100,2251,1011
3659,(株)ネクソン,1690,1695,,1687,1721,1666,2091500,726705,430003117,0.59,10.0,,1.93,,875.63,169000,100,2005,1021
3664,(株)モブキャスト,589,608,,590,605,575,353500,8577,14561808,,,,3.51,,167.65,58900,100,1514,503
3668,(株)コロプラ,2189,2173,2189.0541,2171,2206,2139,842100,273287,124845500,0.64,14.0,15.43,7.11,141.87,307.91,218900,100,2989,1750
3692,(株)ＦＦＲＩ,12100,12110,12099.962,11810,12280,11620,599100,93465,7724400,0.0,0.0,525.4,107.68,23.03,112.37,1210000,100,18500,4140
3738,(株)ティーガイア,1990,1985,1990.3806000000004,1970,1998,1961,68400,157357,79074000,2.06,41.0,15.21,4.63,130.86,429.99,199000,100,2338,1145
3742,ＩＴｂｏｏｋ(株),1150,1162,1150.0128,1155,1170,1122,482100,18288,15902600,0.0,0.0,105.12,62.2,10.94,18.49,115000,100,2125,412
3765,ガンホー・オンライン・エンターテイメント(株),365,364,,365,367,357,3270000,386131,1057892400,,,,4.88,,74.85,36500,100,520,316
3774,(株)インターネットイニシアティブ,2147,2233,2147.1461999999997,2183,2201,2117,265200,100289,46711400,1.02,22.0,24.66,1.56,87.07,1375.64,214700,100,2657,1910
3788,ＧＭＯクラウド(株),795,791,794.9412,794,795,787,9400,9296,11693000,1.76,14.0,20.12,1.72,39.51,463.25,79500,100,1039,683
3793,(株)ドリコム,810,829,,830,831,805,27700,11252,13891000,0.0,0.0,,6.29,,128.84,81000,100,2160,656
3799,キーウェアソリューションズ(株),582,590,582.153,600,600,573,65400,5302,9110000,1.72,10.0,12.98,0.87,44.85,666.34,58200,100,914,369
3817,(株)ＳＲＡホールディングス,2195,2140,2195.2650999999996,2186,2200,2144,36600,33452,15240000,2.96,65.0,11.69,1.4,187.79,1563.83,219500,100,2641,1401
3861,王子ホールディングス(株),562,560,562.096,562,572,557,4855000,598183,1064381817,1.78,10.0,16.34,0.84,34.4,666.56,562000,1000,606,389
3903,(株)ｇｕｍｉ,1256,1240,,1214,1266,1207,422300,37104,29541500,,,,2.18,,575.74,125600,100,2949,1003
3905,データセクション(株),593,586,592.9976,587,599,576,46200,6115,10312200,0.0,0.0,390.13,6.14,1.52,96.62,59300,100,1730,476
3907,シリコンスタジオ(株),4240,4270,4239.773999999999,4070,4295,4050,34000,9985,2355000,0.24,10.0,45.54,3.34,93.1,1270.06,424000,100,19660,3350
3911,(株)Ａｉｍｉｎｇ,1277,1208,1276.9440000000002,1237,1306,1233,1051500,43838,34329000,0.0,0.0,21.57,6.47,59.2,197.43,127700,100,2283,903
4004,昭和電工(株),139,145,139.01999999999998,145,145,139,21479000,208099,1497112926,2.16,3.0,19.86,0.63,7.0,219.18,139000,1000,184,132
4021,日産化学工業(株),2794,2845,2793.5596,2807,2862,2771,800400,435864,156000000,1.43,40.0,21.32,2.92,131.03,955.36,279400,100,3060,2023
4042,東ソー(株),573,566,573.0428,570,587,563,6079000,372543,650161912,1.75,10.0,7.99,1.16,71.72,496.07,573000,1000,829,498
4045,東亞合成(株),891,901,890.79,883,896,871,503800,117609,131996299,2.69,24.0,13.8,0.74,64.55,1207.71,89100,100,1146,819
4061,電気化学工業(株),517,520,517.09,520,521,510,3157000,240898,465954121,2.42,12.5,12.46,1.12,41.5,459.91,517000,1000,584,419
4063,信越化学工業(株),6673,6792,6672.813,6748,6790,6593,1203600,2883448,432106693,1.65,110.0,20.3,1.45,328.71,4604.15,667300,100,8310,6360
4088,エア・ウォーター(株),1939,1985,1938.6042000000002,1968,1980,1923,571000,385289,198705057,1.44,28.0,16.51,1.63,117.42,1185.95,1939000,1000,2315,1813
4091,大陽日酸(株),1486,1499,1486.1298,1516,1536,1475,1103500,643576,433092837,0.94,14.0,23.82,1.99,62.39,746.19,148600,100,1950,1210
4095,日本パーカライジング(株),1033,1061,1033.1856,1040,1051,1023,291500,136980,132604524,1.45,15.0,12.56,1.1,82.26,935.55,103300,100,1550,974
4114,(株)日本触媒,1872,1860,1871.4856,1852,1872,1835,1000000,381888,204000000,1.39,26.0,16.88,1.41,110.87,1328.11,1872000,1000,1942,1503
4116,大日精化工業(株),577,575,577.36,574,583,565,188000,53699,93065554,2.43,14.0,8.0,0.7,72.17,826.97,577000,1000,674,507
4151,協和発酵キリン(株),2039,2065,2039.175,2060,2060,2013,1221000,1175450,576483555,1.23,25.0,42.93,1.83,47.5,1115.83,2039000,1000,2321,1094
4185,ＪＳＲ(株),1908,1982,1907.6352,1950,1965,1891,1028000,454053,237973205,2.62,50.0,14.16,1.22,134.72,1564.05,190800,100,2296,1812
4188,(株)三菱ケミカルホールディングス,690,722,690.8408999999999,702,707,687,8567400,1040393,1506288107,2.03,14.0,15.57,1.0,44.37,693.06,69070,100,847,560
4201,日本合成化学工業(株),874,867,873.9584000000001,880,881,858,354000,85975,98369186,2.29,20.0,8.96,0.99,97.54,885.77,874000,1000,966,662
4202,(株)ダイセル,1602,1629,1601.8896,1623,1628,1586,1418000,584638,364942682,1.62,26.0,16.08,1.69,99.62,948.2,160200,100,1793,1317
4204,積水化学工業(株),1339,1357,1339.4302,1338,1358,1331,1996000,696959,520507285,2.09,28.0,12.17,1.26,110.06,1059.01,1339000,1000,1752,1246
4205,日本ゼオン(株),1008,1043,1008.1148,1022,1025,1001,865000,244012,242075556,1.49,15.0,9.94,1.06,101.42,947.02,1008000,1000,1256,959
4206,アイカ工業(株),2585,2606,2585.5008000000003,2606,2606,2555,135300,174722,67590664,1.7,44.0,17.76,1.63,145.58,1586.85,258500,100,2946,2372
4208,宇部興産(株),210,212,210.03490000000002,214,215,210,13225000,223020,1062001076,2.38,5.0,13.07,0.84,16.07,251.13,210000,1000,246,175
4217,日立化成(株),1866,1907,1865.5401,1884,1900,1854,1063100,388809,208364913,,,10.09,1.06,184.89,1754.21,186600,100,2755,1705
4231,タイガースポリマー(株),713,719,712.8144,729,730,699,17800,14340,20111598,1.96,14.0,8.39,0.55,84.96,1292.57,71300,100,920,639
4272,日本化薬(株),1243,1244,1242.7434,1255,1262,1226,743000,226852,182503570,2.01,25.0,12.51,1.18,99.34,1057.49,1243000,1000,1682,1141
4283,パナソニック　インフォメーションシステムズ(株),,3775,,,,,,40226,10656000,,,,1.41,,2670.74,377500,100,4615,2890
4298,(株)プロトコーポレーション,1779,1774,1779.3506000000002,1780,1782,1732,15600,37252,20940000,2.14,38.0,10.46,1.3,170.11,1364.35,177900,100,2056,1499
4307,(株)野村総合研究所,4925,4930,4924.205,4920,4935,4835,357600,1108125,225000000,1.62,80.0,24.25,2.41,203.06,2042.94,492500,100,5240,3550
4324,(株)電通,6220,6320,,6220,6300,6140,981100,1793910,288410000,1.13,70.0,,1.73,,3601.83,622000,100,7290,4580
4348,インフォコム(株),1210,1168,1209.672,1174,1210,1168,41900,34848,28800000,1.65,20.0,12.72,1.62,95.1,747.04,121000,100,1390,882
4452,花王(株),5552,5677,5552.1844,5628,5636,5542,1884100,2798208,504000000,1.37,76.0,31.99,4.28,173.56,1296.54,555200,100,6623,4601
4502,武田薬品工業(株),5962,5966,5962.0546,5955,5995,5883,1975400,4710518,790090295,3.02,180.0,68.83,2.16,86.62,2764.54,596200,100,6657,4904
4503,アステラス製薬(株),1800,1804,1799.9270000000001,1813,1813,1778,8238300,3999282,2221823175,1.78,32.0,23.18,2.94,77.65,611.4,180000,100,2047,1658
4506,大日本住友製薬(株),1296,1328,1295.8660000000002,1317,1330,1287,2121100,515679,397900154,1.39,18.0,28.6,1.12,45.31,1153.3,129600,100,1625,1138
4507,塩野義製薬(株),4760,4775,4759.358,4770,4805,4705,1975600,1671408,351136165,1.18,56.0,29.8,3.15,159.71,1509.88,476000,100,5520,3060
4508,田辺三菱製薬(株),2172,2182,2172.1971,2194,2195,2143,1007900,1219400,561417916,2.03,44.0,30.09,1.53,72.19,1421.58,217200,100,2277,1701
4519,中外製薬(株),4535,4610,,4540,4560,4455,1068100,2538176,559685889,1.15,52.0,,4.03,,1123.97,453500,100,5090,2862
4521,科研製薬(株),5730,5670,5730.111799999999,5680,5740,5570,478000,555119,96879461,1.19,68.0,33.91,5.87,168.98,976.14,5730000,1000,6360,2221
4523,エーザイ(株),8274,8045,,8099,8285,8083,1770300,2453795,296566949,1.81,150.0,,3.96,,2087.22,827400,100,9756,4584
4527,ロート製薬(株),2097,2090,2096.8422,2090,2100,2041,455900,247298,117929250,0.95,20.0,27.07,2.14,77.46,977.93,209700,100,2358,1430
4528,小野薬品工業(株),15480,15560,15479.967800000002,15550,15710,15260,309100,1824279,117847500,1.16,180.0,141.46,3.43,109.43,4509.55,1548000,100,16800,10310
4530,久光製薬(株),4205,4150,4204.0416000000005,4160,4245,4105,439800,400168,95164895,1.9,80.0,19.68,1.61,213.62,2607.97,420500,100,5360,3580
4534,持田製薬(株),7810,7610,7811.178400000001,7700,7810,7570,36000,164791,21100000,1.73,135.0,22.16,1.54,352.49,5080.28,781000,100,8340,6180
4536,参天製薬(株),1895,1897,1894.6907999999999,1921,1929,1876,2194500,783998,413719015,1.27,24.0,14.92,3.62,126.99,523.35,189500,100,2163,1262
4540,(株)ツムラ,2699,2707,2698.6440000000002,2712,2729,2671,330100,191013,70771662,2.37,64.0,15.6,1.26,172.99,2139.14,269900,100,3125,2523
4543,テルモ(株),3315,3340,3314.7432999999996,3305,3335,3270,1497000,1258906,379760520,0.97,32.0,31.79,2.14,104.27,1552.52,331500,100,3635,2637
4544,みらかホールディングス(株),5210,5250,5209.717500000001,5280,5280,5130,385600,298027,57202966,2.11,110.0,17.55,1.68,296.85,3092.79,521000,100,6350,4885
4555,沢井製薬(株),7660,7660,7657.9614,7680,7680,7530,287200,292351,38165988,1.44,110.0,18.18,2.44,421.23,3144.13,766000,100,8470,6400
4568,第一三共(株),2337,2310,2337.4404,2310,2340,2288,4402600,1657314,709011343,2.99,70.0,21.88,1.27,106.83,1842.15,233750,100,2769,1556
4569,キョーリン製薬ホールディングス(株),2150,2127,2150.0118,2134,2153,2104,220500,161137,74947628,2.42,52.0,13.83,1.07,155.46,2017.89,215000,100,3040,2004
4572,カルナバイオサイエンス(株),2979,2994,2978.8726,2900,3055,2880,998400,26403,8862900,0.0,0.0,69.26,12.4,43.01,240.16,297900,100,6030,650
4578,大塚ホールディングス(株),4135,4093,4135.6765000000005,4095,4150,4035,1955800,2306929,557835617,2.42,100.0,28.01,1.32,147.65,3125.47,413550,100,4774,3432
4581,大正製薬ホールディングス(株),7860,7840,7859.744,7900,7960,7750,115500,708498,90139653,1.27,100.0,28.96,0.99,271.4,7908.87,786000,100,9240,7050
4587,ペプチドリーム(株),3135,3070,3134.931,3105,3210,3060,327900,173244,55261200,0.0,0.0,205.3,25.1,15.27,124.91,313500,100,3730,2088
4612,日本ペイントホールディングス(株),2496,2556,2496.3540000000003,2550,2550,2463,1182900,812204,325402443,0.88,22.0,24.26,1.71,102.9,1455.77,249600,100,4860,2360
4613,関西ペイント(株),1894,1926,1893.8929999999998,1886,1915,1867,770000,516348,272623270,1.0,19.0,20.18,1.89,93.85,1002.63,1894000,1000,2382,1753
4631,ＤＩＣ(株),293,297,293.0515,294,295,288,3771000,282854,965372048,2.73,8.0,8.29,1.08,35.35,271.29,293000,1000,382,256
4634,東洋インキＳＣホールディングス(株),461,471,461.0358,469,469,457,982000,139733,303108724,3.25,15.0,11.46,0.66,40.23,695.89,461000,1000,613,438
4641,(株)アルプス技研,2452,2513,2451.4568,2500,2500,2421,39400,27581,11248489,2.65,65.0,18.98,2.73,129.16,898.76,245200,100,3080,1358
4661,(株)オリエンタルランド,6691,6854,6692.009,6850,6850,6682,2290400,2433451,363690160,0.52,35.0,30.95,3.89,216.22,1721.06,669100,100,9890,5880
4666,パーク２４(株),2380,2352,2380.3412,2402,2403,2352,608000,346162,145446204,2.1,50.0,30.07,5.89,79.16,404.19,238000,100,2555,1761
4676,(株)フジ・メディア・ホールディングス,1422,1418,1422.3425000000002,1403,1423,1389,936100,336203,236429800,2.81,40.0,14.75,0.52,96.43,2748.69,142200,100,1859,1323
4681,リゾートトラスト(株),3230,3195,3230.4492,3200,3230,3175,485000,350516,108518999,1.42,46.0,25.23,3.31,128.04,977.06,323000,100,3800,2596
4684,(株)オービック,5410,5390,5410.5599999999995,5360,5410,5300,210000,538836,99600000,1.39,75.0,24.0,3.18,225.44,1701.35,541000,100,6360,3700
4689,ヤフー(株),491,501,,498,499,486,11746300,2796268,5695047300,1.8,8.86,,3.86,,127.34,49100,100,577,394
4704,トレンドマイクロ(株),4315,4355,4314.763199999999,4360,4365,4285,445500,605364,140293004,,,25.84,3.95,166.98,1093.68,431500,100,4885,3080
4708,(株)もしもしホットライン,1239,1233,1239.0,1233,1242,1203,191500,86114,69503040,2.34,29.0,28.0,2.03,44.25,611.39,123900,100,1544,1098
4716,日本オラクル(株),5070,5110,,5190,5190,5030,130000,645498,127317171,,,,5.71,,887.28,507000,100,5650,4655
4719,(株)アルファシステムズ,1793,1756,1792.7052,1786,1813,1761,12400,26623,14848200,2.23,40.0,17.16,0.86,104.47,2076.56,179300,100,2036,1515
4722,フューチャーアーキテクト(株),709,702,708.7742999999999,699,709,690,101000,33794,47664000,2.68,19.0,11.43,2.11,62.01,336.8,70900,100,876,613
4726,ソフトバンク・テクノロジー(株),1257,1270,1256.9108999999999,1297,1297,1236,13000,13419,10675400,1.59,20.0,12.19,1.22,103.11,1033.73,125700,100,1494,1092
4732,(株)ユー・エス・エス,2154,2150,2153.9,2155,2182,2137,746700,674741,313250000,1.89,40.8,23.8,3.87,90.5,556.65,215400,100,2579,1752
4739,伊藤忠テクノソリューションズ(株),2670,2659,2670.0834999999997,2654,2673,2628,354200,320400,120000000,2.43,65.0,17.15,1.81,155.69,1476.57,267000,100,3235,2050
4751,(株)サイバーエージェント,4810,4955,4809.851100000001,4900,4910,4730,743200,304056,63213300,1.04,50.0,21.51,4.57,223.61,1051.4,481000,100,7190,4290
4755,楽天(株),1734,1733,,1733,1735,1690,5196400,2479657,1430021200,,,,3.75,,462.36,173400,100,2395,1524
4761,(株)さくらケーシーエス,654,661,653.9676000000001,661,661,654,2100,7325,11200000,1.83,12.0,48.84,0.49,13.39,1343.81,65400,100,730,621
4768,(株)大塚商会,6400,6330,6400.2474,6250,6410,6230,340900,608007,95001060,1.48,95.0,25.71,3.7,248.94,1728.42,640000,100,7250,3615
4777,(株)ガーラ,875,909,,895,912,856,277000,13786,15755500,0.0,0.0,,13.58,,64.42,87500,100,3475,613
4793,(株)富士通ビー・エス・シー,923,907,923.2326,907,923,907,400,10891,11800000,2.93,27.0,16.02,0.63,57.63,1474.3,92300,100,1030,831
4812,ＩＳＩＤ,1452,1413,,1433,1452,1395,30000,47322,32591240,1.93,28.0,,1.2,,1212.73,145200,100,1574,1093
4832,ＪＦＥシステムズ(株),1180,1180,1179.616,1180,1198,1180,300,9267,7853000,2.54,30.0,9.55,0.92,123.52,1285.36,118000,100,1400,1060
4837,シダックス(株),517,516,516.9501,518,520,515,21500,21155,40918762,2.9,15.0,33.59,1.12,15.39,462.97,51700,100,578,480
4842,(株)ＵＳＥＮ,327,327,327.0176,333,333,322,198300,67738,207148891,,,11.23,2.68,29.12,121.87,32700,100,388,295
4901,富士フイルムホールディングス(株),4989,4991,4988.306299999999,5019,5024,4934,3432800,2567468,514625728,1.3,65.0,19.97,0.95,249.79,5244.72,498900,100,5293,3631
4902,コニカミノルタ(株),1332,1345,1332.1332,1351,1356,1317,2422000,669549,502664337,2.25,30.0,13.32,1.24,100.01,1072.06,133200,100,1652,1146
4911,(株)資生堂,2544,2634,,2590,2645,2535,4153900,1017800,400000000,0.79,20.0,,2.64,,964.13,254450,100,3328,1646
4912,ライオン(株),1062,1056,1061.95,1057,1069,1049,953000,317660,299115346,0.94,10.0,33.5,2.34,31.7,453.88,1062000,1000,1225,600
4922,(株)コーセー,12010,11920,12009.937100000001,12120,12240,11670,2711000,727716,60592541,0.62,74.0,42.29,4.79,283.99,2505.6,1201000,100,13670,4570
4924,(株)ドクターシーラボ,2177,2197,2176.5099999999998,2197,2208,2159,156500,110710,50854600,1.88,41.0,20.06,4.7,108.5,462.86,217700,100,2495,1892
4927,(株)ポーラ・オルビスホールディングス,7260,7200,7260.641599999999,7200,7300,7150,162000,415882,57284039,2.07,150.0,38.23,2.26,189.92,3215.65,726000,100,8410,4835
4967,小林製薬(株),9430,9320,9431.5312,9300,9450,9210,112800,401011,42525000,0.98,92.0,29.54,2.7,319.28,3497.31,943000,100,10770,6860
4968,荒川化学工業(株),1121,1117,1121.1048,1120,1137,1119,32900,22906,20433700,2.68,30.0,9.48,0.49,118.26,2268.71,112100,100,1547,970
5002,昭和シェル石油(株),1037,1040,1037.3543,1049,1052,1020,1225400,390794,376850400,3.66,38.0,14.47,1.45,71.69,715.61,103700,100,1250,950
5012,東燃ゼネラル石油(株),1210,1197,1209.8683999999998,1205,1217,1182,2836000,683870,565182000,3.14,38.0,29.38,1.63,41.18,741.42,1210000,1000,1267,974
5019,出光興産(株),2078,2065,2079.594,2100,2100,2034,945700,332480,160000000,2.41,50.0,5.94,0.57,350.1,3655.05,207800,100,2618,1853
5020,ＪＸホールディングス(株),468,469,469.1115,472,472,460,13066800,1170133,2495485929,3.41,16.0,7.29,0.59,64.35,795.64,46890,100,568,417
5101,横浜ゴム(株),2382,2391,2381.35,2400,2439,2359,707500,403866,169549081,2.18,52.0,9.82,1.12,242.5,2135.18,238200,100,2904,2094
5105,東洋ゴム工業(株),2714,2703,2713.7527999999998,2691,2734,2673,758000,345164,127179073,1.66,45.0,28.72,1.94,94.49,1401.41,271400,100,3030,2107
5108,(株)ブリヂストン,4067,4145,4065.4704999999994,4148,4179,4040,3651500,3307294,813102321,2.95,120.0,9.95,1.47,408.59,2765.74,406750,100,5182,3754
5110,住友ゴム工業(株),1718,1725,1717.1972999999998,1730,1749,1702,1060300,451908,263043057,2.91,50.0,8.19,1.09,209.67,1579.25,171800,100,2313,1593
5186,ニッタ(株),2906,2931,2904.8656,2944,2950,2877,61300,87972,30272503,1.65,48.0,11.24,1.03,258.44,2812.29,290600,100,3530,2648
5196,鬼怒川ゴム工業(株),590,608,589.9127,604,606,586,311000,39707,67299522,2.03,12.0,7.93,1.07,74.39,552.88,590000,1000,727,478
5201,旭硝子(株),721,737,720.9263,744,745,719,5314000,855615,1186705905,2.5,18.0,20.83,0.67,34.61,1076.52,721000,1000,843,564
5214,日本電気硝子(株),536,540,535.9463999999999,543,550,535,4467000,266722,497616234,2.99,16.0,33.33,0.51,16.08,1041.28,536000,1000,726,505
5233,太平洋セメント(株),411,414,411.0015,417,417,408,6226000,508736,1237800586,1.46,6.0,13.65,1.65,30.11,248.79,411000,1000,428,340
5332,ＴＯＴＯ(株),1788,1800,1787.5616000000002,1800,1827,1783,2833000,632885,353962595,1.57,28.0,18.92,2.19,94.48,817.36,1788000,1000,2304,1237
5334,日本特殊陶業(株),2982,3025,2982.4307,3030,3040,2955,757700,666611,223544820,1.41,42.0,14.11,1.82,211.37,1635.46,298200,100,3900,2834
5393,ニチアス(株),776,778,776.1446,771,779,754,455000,99716,128500619,2.32,18.0,11.11,1.18,69.86,659.19,776000,1000,857,637
5401,新日鐵住金(株),249,257,249.7696,255,256,247,56823000,2372953,9503214022,,,8.77,0.77,28.48,324.28,249700,1000,350,227
5411,ジェイ　エフ　イー　ホールディングス(株),1882,1947,,1907,1933,1871,5093800,1156680,614438399,,,,0.56,,3354.78,188250,100,3081,1734
5471,大同特殊鋼(株),450,462,449.9287,454,458,444,4901000,195519,434487693,2.22,10.0,10.27,0.75,43.81,599.05,450000,1000,609,411
5486,日立金属(株),1538,1582,1538.1871999999998,1582,1582,1521,1663800,659655,428904352,1.69,26.0,9.01,1.31,170.72,1169.88,153800,100,2124,1438
5631,(株)日本製鋼所,403,419,403.0708,414,414,403,2048000,149700,371463036,1.24,5.0,22.22,1.08,18.14,372.07,403000,1000,585,376
5706,三井金属,249,258,249.0976,253,257,248,11517000,142669,572966166,2.41,6.0,6.08,0.71,40.97,350.42,249000,1000,374,232
5711,三菱マテリアル(株),390,398,389.9346,394,401,387,9047000,512809,1314895351,2.56,10.0,7.86,0.88,49.61,442.54,390000,1000,518,353
5713,住友金属鉱山(株),1541,1549,1540.2084,1520,1549,1501,5298000,896289,581628031,3.11,48.0,8.17,0.8,188.52,1925.66,1541000,1000,2040,1379
5714,ＤＯＷＡホールディングス(株),1057,1078,1056.5592,1071,1075,1048,1034000,327613,309946031,1.7,18.0,11.58,1.64,91.24,645.62,1057000,1000,1243,837
5802,住友電気工業(株),1667,1707,1666.8743,1697,1697,1650,2567800,1323499,793940571,2.1,35.0,14.69,0.92,113.47,1812.95,166700,100,2037,1404
5857,アサヒホールディングス(株),1800,1802,1800.6548,1820,1837,1786,109100,65258,36254344,3.33,60.0,9.08,1.12,198.31,1601.68,180000,100,2376,1642
5929,三和ホールディングス(株),925,902,925.0103999999999,912,927,901,1788900,225626,243920497,2.16,20.0,15.44,1.78,59.91,520.25,92500,100,1113,779
5938,(株)ＬＩＸＩＬグループ,2502,2460,2501.9952000000003,2485,2518,2448,2055100,783262,313054255,2.4,60.0,238.74,1.3,10.48,1923.66,250200,100,2973,2233
5947,リンナイ(株),9090,9000,9090.1866,9000,9110,8940,151900,474648,52216463,0.9,82.0,21.01,1.92,432.66,4742.57,909000,100,10150,7370
5949,ユニプレス(株),2272,2285,2272.0697999999998,2266,2330,2251,217700,108259,47649173,1.54,35.0,10.01,0.85,226.98,2668.14,227200,100,2895,1892
5970,(株)ジーテクト,1251,1242,1251.3168,1229,1256,1210,112900,54958,43931260,2.08,26.0,10.17,0.53,123.04,2379.27,125100,100,1395,1022
5986,モリテック　スチール(株),309,310,308.9088,311,311,302,12400,6970,22558063,3.24,10.0,13.84,0.54,22.32,570.02,30900,100,340,282
5991,ニッパツ,1174,1202,1174.2288,1180,1188,1156,783900,286534,244066144,1.87,22.0,10.97,1.06,107.04,1110.67,117400,100,1497,979
6037,(株)ファーストロジック,2303,2310,2302.7725,2310,2336,2125,51100,12603,5472400,0.0,0.0,45.25,8.55,50.89,269.35,230300,100,5060,1582
6071,(株)ＩＢＪ,1496,1444,1495.8509999999999,1445,1512,1428,78800,18625,12450000,,,34.23,12.1,43.7,123.68,149600,100,2043,713
6093,(株)エスクロー・エージェント・ジャパン,1845,1795,1844.9969999999998,1815,1900,1760,83100,7487,4058000,,,37.73,4.71,48.9,391.78,184500,100,3036,1114
6094,(株)フリークアウト,1523,1569,1522.932,1500,1568,1500,18800,9584,6292660,0.0,0.0,106.35,4.1,14.32,371.48,152300,100,3330,1190
6136,ＯＳＧ,2459,2434,2458.752,2416,2460,2386,604400,235954,95955226,1.87,46.0,18.24,2.29,134.8,1075.35,245900,100,2939,1850
6146,(株)ディスコ,9160,9450,,9300,9400,9050,197300,327208,35721371,,,,2.11,,4343.06,916000,100,12960,8340
6201,(株)豊田自動織機,6030,6160,6031.9424,6120,6140,5960,542800,1964819,325840640,1.82,110.0,15.04,0.78,401.06,7715.68,603000,100,7670,5400
6256,(株)ニューフレアテクノロジー,4895,4800,4893.75,4870,4895,4830,12300,58740,12000000,2.55,125.0,7.25,1.26,675.0,3885.49,489500,100,6530,4170
6268,ナブテスコ(株),2421,2517,,2467,2489,2403,879800,310531,128265799,1.82,44.0,,2.09,,1157.0,242100,100,3655,2315
6273,ＳＭＣ(株),29465,30070,29470.122000000003,29600,29985,29105,170800,1985038,67369359,0.68,200.0,19.8,2.07,1488.39,14267.67,2946500,100,39265,26755
6289,(株)技研製作所,1592,1542,1591.9528,1545,1595,1541,117400,40356,25349528,1.95,31.0,16.88,1.97,94.31,806.47,159200,100,2363,1401
6301,コマツ,2014,2074,2014.8768,2057,2064,2006,6375700,1958029,971967660,2.88,58.0,13.76,1.22,146.43,1654.48,201450,100,2686,1892
6302,住友重機械工業(株),528,539,528.0626,535,538,523,4031000,324470,614527405,2.65,14.0,10.79,0.9,48.94,586.39,528000,1000,843,482
6305,日立建機(株),1760,1800,1760.22,1783,1788,1749,1809700,378602,215115038,3.41,60.0,13.86,0.75,127.0,2344.73,176000,100,2597,1654
6326,(株)クボタ,1898,1909,,1900,1910,1874,4033000,2365947,1246219180,,,,1.95,,973.45,1898500,1000,2194,1615
6361,荏原,484,497,483.86679999999996,492,494,479,4501000,225392,465686024,2.48,12.0,9.37,0.96,51.64,502.06,484000,1000,643,447
6366,千代田化工建設(株),875,898,875.1736999999999,886,895,861,14873000,227784,260324529,1.6,14.0,18.89,1.1,46.33,792.27,875000,1000,1164,810
6367,ダイキン工業(株),7238,7406,7238.2375,7309,7317,7110,1774800,2121559,293113973,1.52,110.0,16.25,1.98,445.43,3660.39,723800,100,9758,6855
6370,栗田工業(株),2526,2527,2525.5809999999997,2542,2569,2508,586400,301010,119164594,1.9,48.0,23.86,1.34,105.85,1889.16,252600,100,3150,2338
6371,(株)椿本チエイン,935,947,934.7822,946,946,923,480000,178966,191406969,2.14,20.0,11.66,1.22,80.17,765.17,935000,1000,1250,858
6395,(株)タダノ,1649,1693,1648.5803999999998,1668,1685,1627,711000,213546,129500355,1.52,25.0,10.44,1.7,157.91,971.08,1649000,1000,2075,1340
6412,(株)平和,2387,2389,2385.8142,2399,2399,2342,593700,238244,99809060,3.35,80.0,9.14,1.24,261.03,1929.41,238700,100,2840,2202
6417,(株)ＳＡＮＫＹＯ,4665,4615,4665.5612,4630,4685,4580,343400,417972,89597500,3.22,150.0,39.88,1.08,116.99,4326.73,466500,100,5120,3915
6425,(株)ユニバーサルエンターテインメント,2376,2403,2376.1875,2379,2379,2304,106300,190543,80195000,,,18.75,0.82,126.73,2883.55,237600,100,3450,1806
6448,ブラザー工業(株),1657,1686,1657.1675999999998,1685,1685,1650,982900,459877,277535866,2.17,36.0,12.12,1.19,136.73,1393.9,165700,100,2192,1522
6460,セガサミーホールディングス(株),1279,1292,1279.01,1291,1300,1266,1831300,340507,266229476,3.13,40.0,15.8,0.99,80.95,1286.88,127900,100,1878,1124
6463,ＴＰＲ(株),2933,2928,2932.3014,2967,2967,2889,106500,105439,35949099,1.64,48.0,8.09,1.36,362.46,2153.11,293300,100,3990,2590
6465,ホシザキ電機(株),7770,7700,7769.676600000001,7700,7800,7590,231700,562519,72396250,0.64,50.0,32.13,3.3,241.82,2356.65,777000,100,8340,5640
6471,日本精工(株),1494,1552,1493.646,1555,1555,1486,3538000,823595,551268104,2.28,34.0,11.55,1.68,129.32,888.52,149400,100,2120,1322
6473,(株)ジェイテクト,1709,1748,1708.6056000000003,1742,1742,1696,1241100,586676,343286307,1.99,34.0,11.96,1.2,142.86,1421.08,170900,100,2480,1617
6474,(株)不二越,560,575,560.1274,570,570,557,758000,139548,249193436,1.79,10.0,11.53,1.39,48.58,403.12,560000,1000,763,519
6479,ミネベア(株),1453,1509,1453.5364,1509,1509,1427,7220000,579991,399167695,,,10.87,2.31,133.72,630.11,1453000,1000,2358,1404
6481,ＴＨＫ(株),2109,2154,2109.4688,2143,2154,2072,1252600,282304,133856903,2.66,56.0,11.56,1.09,182.48,1941.87,210900,100,3345,1980
6501,(株)日立製作所,681,697,681.804,693,693,675,24324000,3295455,4833463387,,,10.62,1.09,64.2,624.2,681800,1000,923,639
6502,(株)東芝,384,380,,387,387,372,41314000,1627239,4237602026,1.04,4.0,,1.14,,336.88,384000,1000,535,341
6503,三菱電機(株),1211,1234,1211.3136000000002,1230,1232,1196,6201000,2600261,2147201551,,,11.82,1.32,102.48,914.43,1211000,1000,1718,1122
6504,富士電機(株),482,492,481.80330000000004,488,489,477,2995000,359806,746484957,,,11.87,1.22,40.59,394.95,482000,1000,617,450
6506,(株)安川電機,1390,1438,1389.6905,1408,1422,1384,3130900,365606,263025678,1.44,20.0,15.13,2.06,91.85,673.74,139000,100,1831,1264
6586,(株)マキタ,6870,6900,6869.198,6900,6990,6810,499500,961860,140008760,,,25.9,1.87,265.22,3680.7,687000,100,7510,5040
6592,マブチモーター(株),5670,5840,5669.546399999999,5840,5850,5660,499000,402159,70927562,1.85,105.0,22.68,1.67,249.98,3394.54,567000,100,8230,4385
6594,日本電産(株),9506,9584,9505.914900000002,9553,9588,9364,1429000,2820842,296743363,0.84,80.0,31.17,3.62,304.97,2626.4,950600,100,11415,7616
6645,オムロン(株),4560,4625,4560.89,4570,4570,4520,1233000,991334,217397872,2.02,92.0,14.9,1.93,306.1,2365.9,456000,100,5900,4090
6651,日東工業(株),2293,2337,2293.2388,2340,2342,2256,82000,98599,43000000,3.05,70.0,9.86,1.23,232.58,1858.98,229300,100,2933,2080
6674,(株)ジーエス・ユアサ　コーポレーション,453,462,453.1411,460,460,450,3668000,187349,413574714,2.21,10.0,14.39,1.17,31.49,386.45,453000,1000,586,423
6702,富士通(株),602,588,602.1918000000001,604,615,598,23453000,1246358,2070018213,1.33,8.0,12.46,1.37,48.33,439.05,602100,1000,870,527
6703,ＯＫＩ,212,226,212.01209999999998,215,218,212,24684000,184901,872176028,2.36,5.0,8.37,1.55,25.33,136.75,212000,1000,272,210
6724,セイコーエプソン(株),1967,1987,1966.2825000000003,1981,1984,1943,2383100,786082,399634778,3.05,60.0,10.05,1.4,195.65,1405.23,196700,100,2545,1809
6727,(株)ワコム,438,444,437.99730000000005,446,451,437,885500,74042,169046400,4.11,18.0,20.67,2.42,21.19,180.62,43800,100,649,392
6741,日本信号(株),1121,1150,1120.7378,1150,1150,1107,335600,76609,68339704,1.96,22.0,12.74,1.05,87.97,1071.9,112100,100,1402,1020
6752,パナソニック(株),1337,1333,1337.1996000000001,1350,1355,1321,10011100,3280959,2453053497,,,17.17,1.47,77.88,911.66,133750,100,1854,1180
6754,アンリツ(株),809,797,808.841,802,822,794,1538100,111735,138115294,2.97,24.0,13.9,1.4,58.19,578.66,80900,100,918,746
6755,(株)富士通ゼネラル,1502,1542,1502.4617,1525,1525,1475,541000,164135,109277299,1.2,18.0,11.23,1.97,133.79,761.73,1502000,1000,1827,1098
6758,ソニー(株),3162,3169,3161.6639999999998,3130,3229,3091,10159200,3990957,1262162260,,,26.4,1.23,119.76,2566.95,316200,100,3970,2352
6762,ＴＤＫ(株),7550,7680,7552.1904,7730,7800,7480,1281100,978409,129590659,1.59,120.0,14.64,1.25,515.86,6061.04,755000,100,10450,6780
6806,ヒロセ電機(株),13860,14120,13858.416000000001,13870,14020,13660,126800,554687,40020736,1.73,240.0,21.45,1.7,646.08,8165.2,1386000,100,18990,12314
6841,横河電機(株),1426,1450,1426.2807,1432,1444,1403,2213500,383059,268624510,1.4,20.0,15.97,1.64,89.31,870.79,142600,100,1650,1198
6849,日本光電,2421,2404,2421.5365,2393,2426,2334,978300,217239,89730980,1.45,35.0,17.45,2.18,138.77,1111.99,242100,100,3490,2169
6856,(株)堀場製作所,4275,4305,4276.035,4240,4290,4200,150400,181828,42532752,1.64,70.0,15.03,1.43,284.5,2983.43,427500,100,5410,3675
6861,(株)キーエンス,56390,58260,,56900,57220,55510,297400,3428620,60801921,0.27,150.0,,3.6,,15674.9,5639000,100,70100,51000
6869,シスメックス(株),7360,7450,7360.6888,7420,7450,7180,1284000,1532040,208157632,0.54,40.0,48.04,8.87,153.22,830.08,736000,100,8640,5050
6902,(株)デンソー,5429,5495,5429.8153,5435,5476,5367,1625500,4799609,884068713,2.21,120.0,15.47,1.23,350.99,4426.34,542900,100,6548,5091
6923,スタンレー電気(株),2363,2438,2363.5251000000003,2418,2418,2341,539700,420141,177800000,1.44,34.0,14.13,1.29,167.27,1830.15,236300,100,3160,2221
6952,カシオ計算機(株),2334,2368,2333.4696,2370,2380,2308,2027200,627895,269020914,1.5,35.0,18.48,2.95,126.27,790.93,233400,100,2631,1736
6954,ファナック(株),19715,20370,19713.2286,20250,20290,19515,1469100,4060151,205942215,,,24.18,2.88,815.27,6845.44,1971500,100,28575,18220
6963,ローム(株),6590,6710,6589.8336,6680,6750,6560,494300,747306,113400000,1.97,130.0,23.52,0.94,280.18,7016.14,659000,100,9140,5840
6965,浜松ホトニクス(株),3005,3075,3004.584,3040,3050,2976,694500,503428,167529968,1.13,34.0,26.4,2.73,113.81,1102.31,300500,100,3940,2685
6971,京セラ(株),5955,6100,5956.491000000001,6013,6049,5903,1019100,2248719,377618580,1.68,100.0,18.21,0.92,327.1,6499.44,595500,100,7207,5045
6981,(株)村田製作所,17550,17595,17547.523,17415,17715,17330,1135100,3953376,225263592,1.14,200.0,20.3,3.21,864.41,5469.63,1755000,100,22220,12520
6988,日東電工(株),8172,8354,8174.053199999999,8350,8369,8125,1093500,1419954,173758428,1.59,130.0,15.22,2.15,537.06,3807.1,817200,100,10435,6427
7003,三井造船(株),189,191,188.93999999999997,192,192,187,4332000,157057,830987176,1.59,3.0,11.75,0.66,16.08,287.38,189000,1000,237,170
7011,三菱重工業(株),579,598,579.4008,595,595,576,21463000,1954692,3373647813,2.07,12.0,14.96,1.07,38.73,542.36,579400,1000,805,546
7012,川崎重工業(株),459,471,458.84299999999996,467,468,454,12637000,766900,1670805320,2.61,12.0,11.11,1.79,41.3,256.87,459000,1000,647,423
7013,(株)ＩＨＩ,376,389,376.0176,384,385,375,14993000,581597,1546799542,1.6,6.0,14.88,1.7,25.27,220.68,376000,1000,628,351
7014,(株)名村造船所,886,906,885.9266,903,905,872,301700,61152,69020051,2.26,20.0,16.51,0.56,53.66,1573.35,88600,100,1339,771
7177,ＧＭＯクリックホールディングス(株),744,759,,759,760,741,35100,85523,114950126,,,,3.92,,189.63,74400,100,1419,620
7201,日産自動車(株),1097,1111,1096.5516,1120,1121,1090,12155000,4959224,4520715112,3.83,42.0,9.48,0.93,115.67,1176.56,109700,100,1350,963
7202,いすゞ自動車(株),1381,1422,1381.9353,1419,1419,1367,3542800,1172096,848422669,2.32,32.0,10.47,1.49,131.99,926.25,138150,100,1824,1294
7203,トヨタ自動車(株),7192,7346,7192.799400000001,7326,7328,7146,10698500,24582238,3417997492,,,10.06,1.25,714.99,5741.66,719200,100,8783,6650
7205,日野自動車(株),1336,1347,1336.185,1334,1346,1316,3667200,767640,574580850,2.99,40.0,10.35,1.8,129.1,742.8,133600,100,1916,1203
7211,三菱自動車(株),931,957,931.3888000000001,953,954,926,5387700,915789,983661919,1.72,16.0,9.16,1.36,101.68,682.3,93100,100,1168,871
7240,ＮＯＫ(株),3000,3025,2999.3759999999997,3000,3025,2959,545600,519416,173138537,,,11.79,1.2,254.4,2499.12,300000,100,4395,2692
7242,ＫＹＢ,358,364,357.9394,365,365,353,1615000,92179,257484315,3.07,11.0,9.94,0.53,36.01,671.39,358000,1000,519,338
7245,大同メタル工業(株),1064,1087,1063.5489000000002,1073,1076,1045,89800,47834,44956853,2.44,26.0,7.99,0.97,133.11,1096.86,106400,100,1359,980
7248,カルソニックカンセイ(株),848,852,848.2996,844,852,827,1127000,231709,273241631,1.18,10.0,10.33,1.12,82.12,759.91,848000,1000,984,600
7259,アイシン精機(株),4380,4430,4381.3518,4415,4420,4340,699000,1290675,294674634,2.28,100.0,12.39,1.05,353.62,4164.9,438000,100,5890,3990
7261,マツダ(株),2090,2122,2091.2274,2123,2130,2067,5772400,1254040,599875479,1.44,30.0,8.93,1.39,234.18,1503.91,209050,100,2910,1881
7262,ダイハツ工業(株),1483,1521,1482.5186999999999,1537,1544,1483,2955100,633423,427122966,,,10.53,1.03,140.79,1442.33,148300,100,1853,1415
7267,ホンダ,3824,3859,3824.7690000000002,3848,3862,3781,4584100,6926902,1811428430,2.3,88.0,13.13,0.91,291.3,4221.25,382400,100,4499,3420
7269,スズキ(株),4129,4151,4129.6554,4339,4340,4067,5783100,2316845,561047304,0.65,27.0,21.06,1.53,196.09,2696.62,412950,100,4780,3412
7270,富士重工業(株),4270,4294,4270.8976,4288,4294,4226,3770100,3343229,782865873,,,9.89,3.06,431.84,1393.99,427050,100,4828,3669
7272,ヤマハ発動機(株),2343,2401,2341.914,2407,2422,2321,2586300,819808,349896784,1.88,44.0,10.76,1.61,217.65,1454.59,234300,100,3245,2108
7276,(株)小糸製作所,4160,4160,4160.6175,4120,4160,4050,721900,668884,160789436,,,18.07,2.47,230.25,1683.8,416000,100,5040,3420
7278,(株)エクセディ,2775,2838,2775.303,2805,2822,2741,115700,134848,48593736,2.52,70.0,12.69,0.84,218.7,3305.07,277500,100,3310,2523
7279,(株)ハイレックスコーポレーション,3775,3755,3774.5910000000003,3795,3795,3720,11400,144268,38216759,1.36,51.5,9.3,1.02,405.87,3702.04,377500,100,4310,3205
7280,(株)ミツバ,2101,2149,2099.8812000000003,2145,2145,2070,111800,95767,45581809,0.67,14.0,7.23,1.17,290.44,1799.37,210100,100,3575,1863
7282,豊田合成(株),2377,2450,2377.4922,2430,2454,2351,411600,309034,130010011,2.36,56.0,13.38,0.97,177.69,2452.04,237700,100,3150,2218
7296,(株)エフ・シー・シー,1850,1874,1849.4027999999998,1859,1879,1828,277200,97391,52644030,2.16,40.0,14.28,0.79,129.51,2347.57,185000,100,2267,1755
7309,(株)シマノ,16330,16280,16328.155200000001,16270,16480,16080,373200,1514118,92720000,0.95,155.0,25.44,4.21,641.83,3875.66,1633000,100,19360,13240
7313,テイ・エス　テック(株),3255,3290,3253.8687999999997,3250,3260,3190,197000,221340,68000000,2.03,66.0,9.62,1.15,338.24,2837.65,325500,100,3785,2551
7420,佐鳥電機(株),871,875,870.7195,875,875,862,19900,15632,17946826,3.67,32.0,9.65,0.44,90.23,1976.29,87100,100,975,737
7451,三菱食品(株),2625,2546,2625.8364,2560,2628,2519,83400,152579,58125490,1.6,42.0,13.64,1.07,192.51,2455.53,262500,100,2918,2343
7453,(株)良品計画,26960,26730,26961.592000000004,26890,27200,26400,1827500,756983,28078000,0.8,215.0,35.56,5.53,758.2,4877.01,2696000,100,29040,12470
7458,(株)第一興商,4595,4485,4594.1896,4595,4595,4520,63000,266625,58025000,2.18,100.0,20.02,2.44,229.48,1885.45,459500,100,5030,3120
7459,(株)メディパルホールディングス,2101,2107,2100.4689999999996,2103,2120,2076,545200,513746,244524496,1.14,24.0,18.58,1.21,113.05,1739.01,210100,100,2388,1319
7483,(株)ドウシシャ,2289,2236,2289.0305000000003,2236,2289,2216,53900,85553,37375636,1.75,40.0,16.55,1.49,138.31,1539.05,228900,100,2350,1606
7518,ネットワンシステムズ(株),736,734,735.904,734,740,727,522000,63296,86000000,4.08,30.0,18.85,1.12,39.04,656.99,73600,100,955,660
7520,(株)エコス,1138,1175,1138.5616,1155,1161,1125,21100,11540,10140917,1.32,15.0,9.68,1.43,117.62,798.31,113800,100,1360,875
7532,(株)ドンキホーテホールディングス,4710,4800,4709.7886,4785,4785,4690,803100,743798,157918960,0.42,20.0,31.81,3.5,148.06,1344.64,471000,100,5830,3875
7593,ＶＴホールディングス(株),738,749,737.8765,743,750,722,241700,88103,119381034,2.44,18.0,18.47,2.81,39.95,262.41,73800,100,870,440
7595,(株)アルゴグラフィックス,1718,1715,1718.5952,1721,1724,1703,12400,19089,11111400,3.49,60.0,10.22,0.91,168.16,1887.03,171800,100,2069,1611
7606,(株)ユナイテッドアローズ,4790,4745,4788.9,4675,4790,4615,270600,181062,37800000,1.63,78.0,20.4,4.87,234.75,983.83,479000,100,5200,3075
7611,(株)ハイデイ日高,3020,2982,3020.091,2982,3020,2964,25400,60608,20068980,1.19,36.0,23.7,3.5,127.43,862.49,302000,100,3321,2705
7628,(株)オーハシテクニカ,1394,1395,1393.3555999999999,1395,1403,1375,17100,22639,16240040,2.73,38.0,7.58,0.89,183.82,1563.87,139400,100,1770,1248
7649,スギホールディングス(株),5860,5780,5860.9444,5780,5880,5740,144000,371119,63330838,0.68,40.0,26.89,2.91,217.96,2013.38,586000,100,6750,4820
7701,(株)島津製作所,1785,1762,1784.7731999999999,1778,1786,1747,1831000,528485,296070227,0.78,14.0,25.06,2.48,71.22,719.93,1785000,1000,2115,1145
7731,(株)ニコン,1555,1565,1555.1485,1558,1570,1530,3230600,623367,400878921,1.03,16.0,30.85,1.08,50.41,1444.27,155500,100,1809,1383
7741,ＨＯＹＡ(株),4749,4721,,4682,4764,4621,1555600,1977237,416304320,,,,3.45,,1376.68,474950,100,5434,3904
7751,キヤノン(株),3707,3773,3706.5924,3774,3775,3691,4705300,4944261,1333763464,,,16.52,1.26,224.37,2950.15,370700,100,4539,3522
7752,(株)リコー,1185,1177,1185.075,1169,1189,1163,6613000,883093,744912078,2.95,35.0,10.35,0.73,114.5,1630.7,118550,100,1380,1092
7832,(株)バンダイナムコホールディングス,2808,2840,2807.6736,2823,2862,2796,1579500,623376,222000000,0.85,24.0,20.56,2.01,136.56,1399.48,280800,100,3025,2085
7860,エイベックス・グループ・ホールディングス(株),1546,1571,1546.1972,1565,1569,1532,246500,69570,45000000,3.23,50.0,15.56,1.45,99.37,1068.6,154600,100,2514,1431
7936,(株)アシックス,3550,3605,3550.1167,3580,3625,3520,1438200,709869,199962991,0.66,23.5,32.09,3.19,110.63,1112.5,355000,100,4000,2634
7947,(株)エフピコ,4210,4255,4209.47,4225,4235,4150,97900,186437,44284212,1.47,62.0,20.5,2.04,205.34,2066.16,421000,100,4750,3650
7956,ピジョン(株),3215,3230,3214.6506,3250,3260,3200,1128700,391116,121653486,1.12,36.0,43.26,8.37,74.31,384.08,321500,100,4125,2293
7974,任天堂(株),25010,24170,25010.861999999997,24325,25250,24010,1063800,3543142,141669000,0.6,150.0,85.83,2.51,291.4,9969.88,2501000,100,26050,11140
7988,(株)ニフコ,4740,4855,4739.7952,4825,4825,4670,407100,254796,53754477,1.9,90.0,16.87,2.07,280.96,2292.24,474000,100,5710,3750
8001,伊藤忠商事(株),1455,1481,1455.336,1466,1474,1441,7286900,2420336,1662889504,3.44,50.0,6.97,0.91,208.8,1606.4,145550,100,1756,1174
8002,丸紅(株),665,674,664.8452,669,673,661,11133700,1156078,1737940900,3.16,21.0,6.41,0.65,103.72,1026.1,66520,100,750,622
8012,長瀬産業(株),1466,1473,1465.8975,1460,1480,1447,320500,186781,127408285,2.18,32.0,15.39,0.66,95.25,2237.93,146600,100,1736,1349
8015,豊田通商(株),2794,2804,2794.2408,2790,2808,2748,872300,989234,354056516,2.22,62.0,14.04,0.89,199.02,3140.17,279400,100,3525,2526
8020,兼松(株),187,189,187.10999999999999,187,188,182,2961000,79008,422501010,2.67,5.0,6.3,0.85,29.7,220.61,187000,1000,234,163
8028,(株)ファミリーマート,5620,5610,5619.241999999999,5550,5690,5500,523800,548979,97683133,1.96,110.0,25.4,1.95,221.23,2882.41,562000,100,6230,4400
8031,三井物産(株),1578,1598,1578.5630999999996,1590,1593,1562,9668200,2835798,1796514127,4.05,64.0,11.79,0.62,133.89,2530.43,157850,100,1759,1445
8036,(株)日立ハイテクノロジーズ,2729,2789,2728.8092,2717,2746,2693,791200,375889,137738730,2.02,55.0,10.91,1.22,250.12,2244.46,272900,100,4120,2401
8043,スターゼン(株),350,347,350.06070000000005,346,356,346,65000,30716,87759216,2.29,8.0,12.21,0.89,28.67,394.2,350000,1000,444,315
8051,(株)山善,950,957,949.6976000000001,953,953,915,272900,89148,93840310,2.84,27.0,10.48,1.33,90.62,715.35,95000,100,1185,792
8053,住友商事(株),1287,1295,1288.3968,1295,1299,1273,5957900,1610151,1250602867,3.88,50.0,6.99,0.59,184.32,2187.15,128750,100,1513,1116
8056,日本ユニシス(株),1287,1288,1287.0112,1283,1295,1265,384200,141137,109663524,2.33,30.0,14.24,1.52,90.38,846.64,128700,100,1387,990
8058,三菱商事(株),2255,2296,2255.3388,2271,2298,2241,6753200,3585623,1590076851,2.48,56.0,10.14,0.6,222.42,3788.09,225500,100,2837,2000
8088,岩谷産業(株),726,728,725.928,731,733,717,704000,182491,251365028,0.96,7.0,16.24,1.59,44.7,457.55,726000,1000,854,655
8113,ユニ・チャーム(株),2451,2424,2450.6733999999997,2434,2484,2422,3066600,1521665,620834319,0.6,14.8,33.47,3.69,73.22,664.7,245100,100,3398,2305
8114,(株)デサント,1688,1683,1687.9980000000003,1678,1688,1655,72200,129848,76924176,1.01,17.0,17.42,1.95,96.9,865.78,168800,100,2055,1063
8129,東邦ホールディングス(株),2668,2710,2668.5776,2664,2678,2610,238400,208825,78270142,0.97,26.0,18.07,1.18,147.68,2259.69,266800,100,3180,1612
8136,(株)サンリオ,4005,3915,4004.6825,3910,4005,3860,612300,356707,89065301,2.0,80.0,30.35,5.49,131.95,729.58,400500,100,4320,2827
8137,サンワテクノス(株),1128,1141,1128.3624,1140,1140,1110,34000,16286,14438000,2.48,28.0,6.48,0.74,174.13,1534.56,112800,100,1444,990
8159,(株)立花エレテック,1323,1316,1322.3316000000002,1304,1344,1304,6800,34431,26025242,1.81,24.0,9.83,0.63,134.52,2099.33,132300,100,1600,1201
8184,(株)島忠,2961,2956,2960.5404000000003,2951,2967,2904,125600,152163,51389104,2.03,60.0,14.46,0.73,204.74,4052.71,296100,100,3625,2676
8214,(株)ＡＯＫＩホールディングス,1464,1467,1463.9642999999999,1470,1474,1451,202300,133589,91249504,2.73,40.0,11.79,0.95,124.17,1535.0,146400,100,1840,1159
8218,(株)コメリ,2704,2726,2704.3650000000002,2693,2713,2657,177300,147122,54409168,1.33,36.0,17.1,0.96,158.15,2813.73,270400,100,3155,2264
8227,(株)しまむら,11210,11420,11213.986499999999,11400,11400,11180,147300,413798,36913299,1.69,190.0,13.95,1.42,803.87,7880.83,1121000,100,13620,9500
8233,(株)高島屋,1050,1059,1050.2056,1055,1055,1037,2318000,373295,355518963,0.95,10.0,15.98,0.92,65.72,1147.07,1050000,1000,1265,926
8253,(株)クレディセゾン,2430,2456,2429.13,2448,2468,2413,558000,450631,185444772,1.44,35.0,12.75,0.97,190.52,2496.69,243000,100,2836,1930
8267,イオン(株),1821,1844,1820.7879999999998,1839,1847,1815,4178300,1587775,871924572,1.54,28.0,35.8,1.26,50.86,1447.05,182100,100,2033,1126
8270,ユニーグループ・ホールディングス(株),754,765,754.0889999999999,755,760,741,1592100,176512,234100821,2.65,20.0,36.15,0.61,20.86,1239.51,75400,100,877,602
8273,(株)イズミ,5200,5260,5199.009599999999,5250,5250,5130,139300,410082,78861920,1.08,56.0,20.64,2.7,251.89,1928.67,520000,100,6170,4000
8279,(株)ヤオコー,6330,6320,6330.310399999999,6360,6370,6230,112800,253287,40013722,0.63,40.0,28.22,3.93,224.32,1609.6,633000,100,7030,3390
8282,(株)ケーズホールディングス,3870,3825,3871.59,3820,3885,3755,290900,236173,61026739,2.07,80.0,11.5,1.13,336.66,3415.04,387000,100,4860,2901
8303,(株)新生銀行,262,268,261.9534,264,264,258,26039000,720591,2750346891,0.38,1.0,9.93,0.92,26.38,283.97,262000,1000,291,187
8304,(株)あおぞら銀行,444,447,443.91479999999996,444,446,442,8029000,525205,1182894181,4.14,18.4,12.04,1.3,36.87,340.96,444000,1000,490,372
8306,(株)三菱ＵＦＪフィナンシャル・グループ,800,820,,813,813,800,78062600,11336500,14168853820,2.25,18.0,,0.74,,1087.02,80010,100,937,604
8308,(株)りそなホールディングス,613,620,613.7337,612,615,606,10268900,1426544,2324118014,2.77,17.0,8.13,0.87,75.49,706.13,61380,100,727,545
8309,三井住友トラスト・ホールディングス(株),501,512,500.98830000000004,505,505,497,17724000,1956427,3903486408,2.59,13.0,11.73,0.8,42.71,629.25,501200,1000,594,406
8316,(株)三井住友フィナンシャルグループ,4964,5035,4963.9191,4980,4986,4922,7171900,7019372,1414055625,3.02,150.0,8.93,0.74,555.87,6743.54,496400,100,5770,3902
8327,(株)西日本シティ銀行,337,335,337.0341,333,337,327,2424000,268499,796732552,1.48,5.0,11.57,0.58,29.13,578.48,337000,1000,402,306
8331,(株)千葉銀行,885,901,885.2324,899,901,882,2886000,774836,875521087,1.58,14.0,13.91,0.84,63.64,1053.67,885000,1000,1055,737
8332,(株)横浜銀行,742,754,742.1216,754,754,736,4227000,931022,1254071054,1.48,11.0,12.76,0.94,58.16,786.62,742400,1000,858,606
8333,(株)常陽銀行,649,660,649.0178000000001,659,659,642,1615000,497284,766231875,1.77,11.5,16.46,0.76,39.43,852.4,649000,1000,760,554
8334,(株)群馬銀行,811,819,810.8541,814,818,801,1360000,381890,470888177,1.36,11.0,14.07,0.69,57.63,1176.44,811000,1000,948,720
8354,(株)ふくおかフィナンシャルグループ,603,602,603.12,601,609,594,3422000,518436,859761868,1.99,12.0,14.0,0.67,43.08,894.33,603000,1000,739,541
8355,(株)静岡銀行,1280,1304,1280.3472,1293,1304,1264,2036000,851365,665129069,1.56,20.0,15.84,0.84,80.83,1528.19,1280000,1000,1519,999
8356,(株)十六銀行,496,506,495.9504,504,505,492,1122000,188104,379241348,1.41,7.0,15.84,0.54,31.31,918.51,496000,1000,570,375
8358,スルガ銀行(株),2326,2376,2326.4500000000003,2347,2349,2294,1076700,600432,258139248,0.82,19.0,15.64,1.86,148.75,1253.2,232600,100,2854,2068
8359,(株)八十二銀行,838,856,837.9096000000001,848,850,830,1436000,428305,511103411,1.07,9.0,18.67,0.63,44.88,1330.78,838000,1000,997,713
8377,(株)ほくほくフィナンシャルグループ,274,274,273.9075,274,279,271,4993000,370347,1351630146,1.55,4.25,14.75,0.63,18.57,434.22,274000,1000,315,224
8379,(株)広島銀行,686,680,686.078,677,692,667,2262000,428933,625266342,1.31,9.0,16.6,0.96,41.33,711.49,686000,1000,778,548
8382,(株)中国銀行,1799,1769,1799.3940000000002,1772,1810,1749,861100,360290,200272106,1.0,18.0,14.97,0.68,120.2,2637.08,179900,100,2044,1561
8385,(株)伊予銀行,1360,1392,1359.8796,1384,1389,1346,871600,440334,323775366,0.88,12.0,16.99,0.73,80.04,1865.6,136000,100,1638,1230
8410,(株)セブン銀行,518,529,518.0015999999999,526,527,511,6388500,616939,1191001000,1.54,8.0,24.88,3.62,20.82,143.21,51800,100,661,461
8411,(株)みずほフィナンシャルグループ,248,252,248.79610000000002,250,250,247,201259600,6165787,24792067677,3.02,7.5,9.73,0.75,25.57,330.12,24870,100,280,191
8418,(株)山口フィナンシャルグループ,1498,1525,1497.873,1514,1525,1480,852000,396002,264353616,1.0,15.0,11.58,0.63,129.35,2393.64,1498000,1000,1709,1136
8424,芙蓉総合リース(株),4740,4790,4741.115599999999,4785,4785,4690,64200,143564,30287810,1.81,86.0,8.93,0.71,530.92,6717.96,474000,100,5430,3710
8425,興銀リース(株),2507,2535,2507.745,2526,2528,2468,81600,106921,42649000,2.39,60.0,9.3,0.89,269.65,2824.04,250700,100,2984,2168
8439,東京センチュリーリース(株),3745,3800,3746.4219000000003,3745,3775,3690,89000,399309,106624620,1.87,70.0,10.83,1.32,345.93,2831.9,374500,100,4290,2628
8473,ＳＢＩホールディングス(株),1476,1513,,1502,1507,1459,3059600,331453,224561761,,,,0.73,,2010.31,147600,100,1828,1228
8508,Ｊトラスト(株),1030,1019,1030.1816,1010,1035,1003,394800,122212,118652354,1.17,12.0,25.91,0.66,39.76,1554.35,103000,100,1335,890
8515,アイフル(株),469,473,469.03270000000003,479,485,462,34274300,226812,483607536,0.0,0.0,31.67,2.27,14.81,206.96,46900,100,494,343
8524,(株)北洋銀行,488,496,487.99899999999997,494,498,483,852100,194741,399060179,2.05,10.0,11.45,0.52,42.62,936.96,48800,100,571,420
8544,(株)京葉銀行,638,633,637.79,630,645,623,599000,185566,290855716,1.72,11.0,11.75,0.63,54.28,1009.35,638000,1000,759,580
8566,リコーリース(株),3395,3470,3393.9657000000007,3445,3445,3355,55900,106071,31243223,1.62,55.0,9.81,0.77,345.97,4401.86,339500,100,4045,2907
8570,イオンフィナンシャルサービス(株),2756,2703,2755.4331,2778,2812,2696,1306900,574624,208499435,2.39,66.0,16.59,1.99,166.09,1381.71,275600,100,3620,2087
8572,アコム(株),549,557,549.1185,555,562,547,8068600,876359,1596282800,,,16.87,2.61,32.55,210.19,54900,100,624,306
8586,日立キャピタル(株),2921,2955,2920.7908000000007,2950,2967,2873,373900,364618,124826552,2.6,76.0,11.38,1.01,256.66,2878.97,292100,100,3475,2201
8591,オリックス(株),1634,1651,,1650,1651,1616,5729600,2163493,1324047228,,,,0.91,,1794.07,163400,100,2060,1299
8593,三菱ＵＦＪリース(株),586,597,585.8100000000001,599,603,583,2064000,524959,895834160,1.77,10.4,11.32,0.87,51.75,676.82,58600,100,701,498
8601,(株)大和証券グループ本社,842,850,,847,849,835,6759000,1473327,1749378772,,,,1.13,,744.3,842200,1000,1048,779
8604,野村ホールディングス(株),766,777,,769,773,756,17651200,2928465,3822562601,,,,0.99,,774.39,76610,100,909,609
8609,(株)岡三証券グループ,750,768,,763,766,738,931000,156161,208214969,,,,1.01,,738.98,750000,1000,1032,680
8616,東海東京フィナンシャル・ホールディングス(株),810,833,,822,822,802,1215700,227272,280582115,,,,1.38,,587.38,81000,100,993,739
8628,松井証券(株),1054,1055,,1050,1057,1039,1216100,283805,269264702,,,,3.03,,347.44,105400,100,1200,954
8697,(株)日本取引所グループ,3780,3795,3780.29,3780,3830,3735,1043500,1037741,274534550,1.93,73.0,31.45,4.26,120.2,887.77,378000,100,4480,2582
8729,ソニーフィナンシャルホールディングス(株),2274,2269,2273.3705,2252,2276,2228,1460600,989190,435000000,2.42,55.0,17.35,1.84,131.03,1235.39,227400,100,2483,1606
8750,第一生命保険(株),2212,2225,2212.0128,2189,2215,2154,6091900,2650027,1198023000,1.58,35.0,16.32,0.75,135.54,2932.83,221200,100,2665,1534
8766,東京海上ホールディングス(株),4876,4896,4875.0932999999995,4798,4892,4764,3151400,3693689,757524375,2.15,105.0,15.33,1.01,318.01,4820.2,487600,100,5504,3703
8795,(株)Ｔ＆Ｄホールディングス,1634,1647,1634.5462,1607,1644,1590,3909400,1113879,681480000,1.53,25.0,13.93,0.82,117.34,1996.28,163450,100,1978,1254
8801,三井不動産(株),3360,3432,3359.9284000000002,3345,3378,3330,3957000,3331187,991424727,0.83,28.0,31.03,1.77,108.28,1897.79,3360000,1000,3879,2951
8802,三菱地所(株),2609,2651,2608.7695000000003,2602,2618,2574,5040000,3627546,1390397097,0.54,14.0,51.71,2.4,50.45,1085.35,2609000,1000,2975,2321
8830,住友不動産(株),4101,4165,4101.2294,4050,4118,4035,1916000,1952429,476085978,0.54,22.0,22.09,2.26,185.66,1817.25,4101000,1000,5064,3715
8840,(株)大京,190,187,190.01760000000002,189,191,186,2319000,160273,843542737,1.58,3.0,12.77,1.03,14.88,184.17,190000,1000,225,162
8848,(株)レオパレス２１,590,586,589.8303,589,598,573,4134500,157792,267443915,,,9.69,1.2,60.87,493.22,59000,100,817,506
8870,住友不動産販売(株),3195,3175,3195.6792,3140,3200,3110,59000,182754,57200000,1.56,50.0,15.61,1.99,204.72,1604.89,319500,100,3710,2628
8876,(株)リロ・ホールディング,12710,12440,12711.112500000001,12140,12710,11970,55800,194401,15295120,1.11,141.0,26.69,6.09,476.25,2087.79,1271000,100,14980,8270
8897,(株)タカラレーベン,555,529,555.0076,530,558,530,2433800,71040,128000000,1.8,10.0,7.58,2.06,73.22,269.43,55500,100,832,451
8905,イオンモール(株),2045,2059,2044.7624,2023,2057,2003,395300,466043,227893997,1.08,22.0,18.94,1.41,107.96,1449.65,204500,100,2531,1901
8933,ＮＴＴ都市開発(株),1133,1144,1133.1768,1130,1139,1118,975300,372893,329120000,1.41,16.0,31.08,1.9,36.46,594.83,113300,100,1335,1045
9001,東武鉄道(株),541,542,541.0052000000001,543,546,536,3280000,581867,1075540607,1.11,6.0,23.77,1.5,22.76,361.33,541000,1000,609,493
9003,相鉄ホールディングス(株),691,696,691.0872,690,694,680,918000,339093,490727495,0.94,6.5,28.94,3.21,23.88,215.5,691000,1000,808,495
9005,東京急行電鉄(株),861,869,860.928,866,867,853,2912000,1076026,1249739752,0.99,8.5,24.32,1.9,35.4,452.69,861000,1000,968,712
9007,小田急電鉄(株),1108,1119,1107.8364,1113,1121,1101,1629000,816591,736995435,0.81,9.0,29.37,2.52,37.72,439.27,1108000,1000,1353,1014
9008,京王電鉄(株),910,923,909.9259999999999,915,918,902,1578000,584906,642754152,0.93,8.5,30.2,1.77,30.13,515.41,910000,1000,1058,835
9009,京成電鉄(株),1294,1324,1294.2468000000003,1320,1320,1271,2251000,446200,344822371,0.46,6.0,16.17,1.63,80.04,793.0,1294000,1000,1706,1234
9020,東日本旅客鉄道(株),11205,11265,11202.7938,11270,11280,11120,851500,4397963,392500000,1.16,130.0,18.47,1.88,606.54,5974.41,1120500,100,12815,8710
9021,西日本旅客鉄道(株),8188,8190,8189.723999999999,8062,8188,8035,721500,1586302,193735000,1.59,130.0,17.52,1.93,467.45,4232.83,818800,100,9488,5484
9022,東海旅客鉄道(株),19885,19960,19892.148800000003,19960,19990,19620,504800,4096310,206000000,0.6,120.0,12.92,1.86,1539.64,10716.64,1988500,100,24800,17170
9031,西日本鉄道(株),615,618,615.0468,618,620,606,615000,244033,396800930,1.14,7.0,21.88,1.7,28.11,361.78,615000,1000,692,480
9041,近鉄グループホールディングス(株),433,434,433.05899999999997,430,435,425,4330000,825567,1906620616,1.15,5.0,35.79,2.69,12.1,161.26,433000,1000,486,380
9042,阪急阪神ホールディングス(株),728,735,728.0624999999999,737,737,723,2764000,925584,1271406928,0.96,7.0,17.65,1.36,41.25,534.08,728000,1000,824,618
9045,京阪電気鉄道(株),782,780,782.001,779,783,765,1032000,442544,565913515,0.77,6.0,29.7,2.22,26.33,352.41,782000,1000,872,634
9048,名古屋鉄道(株),483,490,482.9799,489,489,480,2643000,444250,919772531,1.04,5.0,23.01,1.59,20.99,303.68,483000,1000,525,434
9062,日本通運(株),588,587,588.014,583,591,575,4288000,610344,1038000000,1.7,10.0,17.32,1.09,33.95,538.31,588000,1000,733,555
9064,ヤマトホールディングス(株),2366,2364,2366.4861,2336,2366,2311,1457900,1006145,425161692,1.1,26.0,22.77,1.74,103.93,1359.48,236650,100,2958,2204
9065,山九(株),610,605,609.93,604,613,594,1278000,198908,326078030,1.64,10.0,13.5,1.29,45.18,473.09,610000,1000,714,444
9069,センコー(株),855,850,854.7429999999999,840,859,833,402000,121348,141927426,2.11,18.0,13.7,1.45,62.39,590.86,855000,1000,948,558
9076,セイノーホールディングス(株),1347,1355,1347.3329999999999,1343,1357,1316,1012300,279745,207679783,,,17.9,0.74,75.27,1808.88,134700,100,1640,1154
9086,(株)日立物流,2050,2014,2050.6675,1996,2060,1970,304500,229142,111776714,1.46,30.0,15.25,1.14,134.47,1800.07,205000,100,2380,1381
9202,ＡＮＡホールディングス(株),355,354,355.92960000000005,358,358,353,17108000,1251496,3516425257,1.4,5.0,23.92,1.53,14.88,232.82,355900,1000,410,291
9301,三菱倉庫(株),1463,1498,1462.893,1493,1493,1458,759000,257373,175921478,0.82,12.0,26.7,0.97,54.79,1515.8,1463000,1000,2042,1377
9364,(株)上組,1016,1030,1015.7412,1020,1020,1003,739000,278735,274345675,1.18,12.0,16.42,0.86,61.86,1179.34,1016000,1000,1273,956
9375,(株)近鉄エクスプレス,4545,4580,4543.6398,4530,4595,4480,72900,163620,36000000,1.14,52.0,13.98,1.31,325.01,3474.84,454500,100,6430,4195
9404,日本テレビホールディングス(株),2103,2093,2102.404,2092,2109,2068,387900,554818,263822080,1.43,30.0,16.88,0.93,124.55,2253.13,210300,100,2499,1693
9422,コネクシオ(株),1299,1293,1298.5665000000001,1293,1319,1290,34000,72644,55923000,3.46,45.0,11.55,2.25,112.43,578.26,129900,100,1496,962
9432,日本電信電話(株),4629,4644,4630.0336,4591,4686,4573,5041100,10524680,2273394470,2.16,100.0,15.56,1.12,297.56,4131.77,462950,100,5066,3011
9433,ＫＤＤＩ(株),3018,3025,3018.2623000000003,2999,3039,2974,6055700,8121108,2690890800,2.15,65.0,15.43,2.31,195.61,1308.71,301800,100,3375,2452
9435,(株)光通信,8080,8060,8078.7382,8250,8250,8010,180200,385817,47749642,2.23,180.0,16.97,2.27,476.06,3554.32,808000,100,9940,6350
9437,(株)ＮＴＴドコモ,2538,2512,2538.0464,2515,2560,2501,13639300,10371732,4085772000,2.76,70.0,20.96,1.82,121.09,1393.26,253850,100,2874,1731
9449,ＧＭＯインターネット(株),1730,1721,1729.6960000000001,1721,1738,1702,1188000,203806,117806777,1.5,26.0,22.64,5.83,76.4,296.68,173000,100,2203,904
9468,(株)ＫＡＤＯＫＡＷＡ・ＤＷＡＮＧＯ,1435,1428,1435.1,1430,1437,1399,511900,101730,70892060,1.39,20.0,25.4,0.99,56.5,1449.14,143500,100,2100,1354
9501,東京電力(株),830,842,,839,850,828,49568200,1333825,1607017531,0.0,0.0,,0.58,,1442.25,83000,100,939,442
9503,関西電力(株),1513,1551,,1511,1545,1508,2930000,1420772,938733028,,,,1.21,,1254.13,151350,100,1768,1032
9513,Ｊ−ＰＯＷＥＲ,3800,3800,3799.5164999999997,3765,3855,3735,1334800,695594,183051100,1.84,70.0,13.91,1.0,273.15,3808.89,380000,100,4690,3460
9531,東京ガス(株),663,663,663.1890000000001,660,666,655,5633000,1589783,2396778295,1.51,10.0,15.9,1.44,41.71,460.97,663300,1000,805,620
9532,大阪ガス(株),492,494,492.714,492,496,489,5226000,1026283,2083400000,2.03,10.0,13.95,1.11,35.32,443.48,492600,1000,534,427
9600,(株)アイネット,1252,1278,1251.7043999999999,1291,1291,1204,52700,18487,14765840,2.56,32.0,17.59,1.55,71.16,805.51,125200,100,1365,870
9602,東宝(株),2736,2756,2735.6776,2760,2760,2709,426700,517078,188990633,0.91,25.0,23.93,1.81,114.32,1513.2,273600,100,3445,2519
9603,(株)エイチ・アイ・エス,4155,4135,4155.153200000001,4200,4260,4060,821900,284713,68522936,0.53,22.0,25.42,2.8,163.46,1481.3,415500,100,4765,3400
9613,(株)ＮＴＴデータ,5840,5770,5839.469999999999,5870,5880,5720,874900,1638120,280500000,1.2,70.0,29.25,2.15,199.64,2713.92,584000,100,6110,4180
9616,(株)共立メンテナンス,7410,7500,7410.262500000001,7350,7440,7270,211700,142827,19274927,0.67,50.0,29.85,2.68,248.25,2769.61,741000,100,9260,4733
9627,(株)アインファーマシーズ,5570,5440,5570.528600000001,5440,5580,5350,202000,177617,31888212,0.72,40.0,24.43,3.64,228.02,1532.17,557000,100,6880,3445
9640,(株)セゾン情報システムズ,1243,1226,1242.912,1220,1243,1220,200,20137,16200000,,,9.68,1.73,128.4,718.71,124300,100,1610,962
9682,(株)ＤＴＳ,2747,2820,2747.9224999999997,2777,2779,2723,124800,69286,25222266,2.0,55.0,14.11,1.74,194.75,1576.03,274700,100,3085,2183
9684,(株)スクウェア・エニックス・ホールディングス,3165,3195,3164.5667999999996,3135,3195,3100,847000,386992,122272396,0.95,30.0,35.08,2.43,90.21,1300.6,316500,100,3410,2210
9719,ＳＣＳＫ(株),4385,4355,4385.8662,4345,4395,4275,217100,473520,107986403,1.6,70.0,20.69,3.39,211.98,1292.41,438500,100,4665,2802
9735,セコム(株),7763,7712,7764.218499999999,7696,7765,7616,606800,1811020,233288717,1.74,135.0,21.13,2.09,367.45,3708.65,776300,100,9041,6530
9739,ＮＳＷ,992,988,991.8857999999999,999,1009,984,33500,14781,14900000,3.02,30.0,14.78,1.12,67.11,887.53,99200,100,1295,816
9742,(株)アイネス,1068,1049,1067.8396,1055,1076,1051,314900,34283,32100000,1.5,16.0,29.72,0.79,35.93,1346.02,106800,100,1422,851
9766,コナミ(株),2664,2686,2664.1498,2753,2767,2629,1609600,382284,143500000,0.79,21.0,38.87,1.67,68.54,1599.28,266400,100,2767,1900
9783,(株)ベネッセホールディングス,3220,3255,3220.065,3250,3275,3180,341400,329900,102453453,2.95,95.0,81.5,1.65,39.51,1948.03,322000,100,4030,2930
9787,イオンディライト(株),3850,3795,3849.4296000000004,3770,3865,3730,79800,208553,54169633,1.35,52.0,21.51,2.65,178.96,1451.28,385000,100,4415,2488
9810,日鉄住金物産(株),404,405,404.12399999999997,409,409,398,723000,125070,309578001,3.71,15.0,7.14,0.73,56.6,555.86,404000,1000,468,371
9831,(株)ヤマダ電機,467,464,466.8426,468,473,461,5623600,451351,966489740,1.28,6.0,14.22,0.74,32.83,627.92,46700,100,554,376
9843,(株)ニトリホールディングス,9650,9950,9649.028900000001,9860,9900,9580,575700,1104380,114443496,0.62,60.0,24.41,3.33,395.29,2899.71,965000,100,11850,6350
9934,因幡電機産業(株),3925,3905,3926.1904000000004,3840,3945,3840,66800,109142,27807000,2.55,100.0,12.98,1.08,302.48,3625.12,392500,100,4525,3490
9936,(株)王将フードサービス,4060,4000,,4000,4070,3980,55200,94542,23286230,2.46,100.0,,1.9,,2139.77,406000,100,4905,3600
9948,(株)アークス,2394,2376,2394.1194,2377,2398,2341,179500,135621,56650468,1.75,42.0,19.01,1.13,125.94,2110.76,239400,100,2953,2282
9956,(株)バロー,3410,3365,3410.2446,3335,3415,3290,223900,179576,52661699,1.03,35.0,17.07,1.89,199.78,1805.18,341000,100,3875,1985
9962,(株)ミスミグループ本社,1407,1447,1407.0811999999999,1417,1421,1385,1486300,386074,274395252,1.1,15.42,22.82,2.87,61.66,490.93,140700,100,1900,1253
9983,(株)ファーストリテイリング,49265,50830,49269.5865,50430,50640,48890,700000,5225719,106073656,0.71,350.0,41.85,6.12,1177.29,8048.03,4926500,100,61970,40610
9984,ソフトバンクグループ(株),7063,7125,,7054,7098,6976,5699400,8480264,1200660365,0.57,40.0,,2.15,,3279.85,706300,100,7827,6600
9989,(株)サンドラッグ,6820,6620,6820.1868,6640,6840,6590,379800,458069,67165592,1.03,70.0,21.14,3.46,322.62,1972.2,682000,100,7990,4665
