Code	Corr	Open	High	Low	Close	Change	Ratio	Trend	Pred	Name
3911	0.18	1017	1227	903	1197	158	13.28	0	1118	Aiming
3668	0.33	1803	2199	1750	2027	144	7.15	0	1955	コロプラ
4572	0.1	2721	3345	2565	2997	126	4.24	0	2980	カルナバイオサイエンス
4751	0.4	4615	5180	4575	4890	205	4.21	0	4788	サイバー
2432	0.34	1937	2143	1925	2107	87	4.18	0	2064	ディーエヌエ
4587	0.19	14110	14920	14020	14730	590	4.01	1	14495	ペプチドリーム
3064	0.28	5340	6320	5170	5760	220	3.84	0	5656	モノタロウ
3641	0.11	3070	3430	2960	3245	110	3.42	0	3196	パピレス
8515	0.38	444	470	420	425	13	3.29	1	418	アイフル
8508	0.26	899	975	890	940	26	2.87	0	927	Ｊトラスト
2331	0.41	4495	4925	4480	4735	120	2.56	0	4677	ALSOK
7974	0.42	21140	23430	21070	22350	560	2.51	0	22078	任天堂
7752	0.36	1092	1168	1091	1146	24	2.18	0	1134	リコー
9449	0.3	1523	1694	1493	1595	32	2.07	0	1579	ＧＭＯ
3742	0.16	850	1020	780	910	16	1.87	0	902	ITbook
8056	0.43	1180	1286	1168	1228	22	1.87	0	1217	日本ユニシス
9684	0.31	2781	3030	2720	2882	51	1.8	0	2856	スクウェア・エニックス・ホールディングス
5012	0.22	1065	1137	1048	1119	18	1.7	0	1110	東燃ゼネ
4777	0.17	712	839	650	738	11	1.63	0	734	ガーラ
9432	0.39	8953	9147	8939	9075	122	1.36	1	8824	ＮＴＴ
2782	0.04	5250	5700	5160	5530	60	1.1	0	5500	セリア
8750	0.58	1950	2130	1950	2044	18	0.93	0	2035	第一生命
7453	0.24	22770	25300	22140	24150	190	0.79	0	24056	良品計画
4967	0.41	8650	9320	8630	9010	60	0.68	0	8980	小林製薬
7988	0.45	4295	4650	4285	4475	20	0.47	0	4465	ニフコ
6981	0.43	14645	16740	14620	15330	70	0.46	0	15295	村田製
7947	0.28	3895	4055	3830	3960	15	0.4	0	3952	エフピコ
7532	0.35	10460	10630	10460	10500	40	0.39	1	10228	ドンキＨＤ
4922	0.3	10050	11470	10020	10560	40	0.39	0	10541	コーセー
4521	0.31	5150	5690	5090	5360	20	0.39	0	5350	科研薬
2121	0.12	3870	4345	3750	4020	10	0.27	0	4015	ミクシィ
7832	0.31	2488	2676	2464	2594	5	0.23	0	2591	バンナムＨＤ
4837	0.18	495	510	480	502	-1	0	0	502	シダックス
8303	0.45	233	248	228	239	-1	0	0	239	新生銀
8411	0.65	221	241	219	228	-1	0	0	228	みずほＦＧ
8306	0.63	717	798	716	744	-2	-0.13	0	745	三菱ＵＦＪ
8214	0.34	1333	1433	1333	1379	-3	-0.15	0	1380	ＡＯＫＩＨＤ
9962	0.47	5480	5550	5450	5480	-10	-0.16	1	5475	ミスミＧ
3003	0.44	1006	1121	1003	1063	-3	-0.19	0	1064	ヒューリック
6758	0.41	2730	3020	2713	2834	-9	-0.28	0	2838	ソニー
1719	0.34	681	740	663	704	-3	-0.28	0	705	安藤ハザマ
4755	0.38	1542	1666	1531	1594	-6	-0.31	0	1597	楽天
9501	0.4	746	841	711	771	-4	-0.39	0	772	東京電力
4708	0.27	1100	1189	1098	1136	-7	-0.53	0	1139	もしもしＨＬ
6594	0.45	8500	9399	8453	8680	-47	-0.53	0	8703	日電産
3861	0.39	546	572	539	550	-4	-0.55	0	551	王子ＨＤ
7309	0.47	13460	14600	13240	13990	-80	-0.56	0	14029	シマノ
4793	0.15	862	897	831	871	-7	-0.69	0	874	富士通ビー・エス・シー
4114	0.3	1639	1749	1639	1706	-13	-0.7	0	1712	日触媒
1808	0.48	1310	1438	1308	1346	-11	-0.74	0	1351	長谷工
4666	0.19	2176	2279	2123	2208	-18	-0.77	0	2216	パーク２４
4761	-0.11	621	634	621	634	-6	-0.79	0	636	さくらケーシーエス
4641	0.31	2172	2392	2172	2253	-19	-0.8	0	2262	アルプス技研
9766	0.36	2429	2450	2355	2401	-22	-0.87	0	2411	コナミ
9202	0.51	330	366	328	341	-4	-0.88	0	343	ＡＮＡＨＤ
4927	0.34	6290	6830	6230	6530	-60	-0.9	0	6559	ポーラ・オルビスホールディングス
3436	0.4	1041	1130	1001	1042	-11	-0.96	0	1047	SUMCO
8304	0.4	395	435	387	409	-5	-0.98	0	411	あおぞら銀
4912	0.4	989	1085	985	1019	-11	-0.98	0	1024	ライオン
2181	0.37	4770	5030	4620	4790	-50	-1.02	0	4814	テンプＨＤ
2915	0.3	1480	1657	1470	1563	-17	-1.02	0	1571	ケンコーマヨネーズ
6479	0.41	1420	1580	1404	1486	-17	-1.08	0	1494	ミネベア
8795	0.62	1481	1584	1461	1511	-18	-1.13	0	1520	Ｔ＆Ｄ
6146	0.39	8470	9130	8340	8600	-100	-1.15	0	8649	ディスコ
3626	0.35	2470	2637	2470	2563	-31	-1.17	0	2578	ITホールディングス
3639	0.16	1341	1600	1300	1412	-19	-1.27	0	1421	ボルテージ
9603	0.32	3750	4035	3705	3840	-50	-1.28	0	3864	ＨＩＳ
3656	0.14	1330	1485	1260	1361	-19	-1.32	0	1370	KLab
2371	0.34	1775	1972	1740	1825	-25	-1.32	0	1837	カカクコム
6869	0.48	6990	7720	6960	7260	-100	-1.36	0	7309	シスメックス
8358	0.6	2176	2296	2145	2195	-31	-1.37	0	2210	スルガ銀
3664	-0.02	534	618	503	555	-9	-1.44	0	559	モブキャスト
4528	0.35	14020	15170	13870	14210	-220	-1.54	0	14318	小野薬
5110	0.47	1599	1712	1593	1639	-27	-1.59	0	1652	住友ゴ
7731	0.41	1492	1576	1463	1483	-25	-1.62	0	1495	ニコン
2702	0.23	2572	2622	2542	2564	-43	-1.64	0	2585	マクドナルド
6988	0.64	7391	8050	7300	7418	-123	-1.64	0	7478	日東電
6481	0.43	2007	2140	1980	2036	-35	-1.67	0	2053	ＴＨＫ
6273	0.57	27245	29350	26755	27415	-470	-1.71	0	27648	ＳＭＣ
8316	0.62	4500	4814	4490	4555	-80	-1.73	0	4594	三井住友ＦＧ
8570	0.54	2547	2650	2450	2505	-45	-1.76	0	2526	イオンＦＳ
6645	0.52	4100	4395	4090	4165	-75	-1.78	0	4202	オムロン
9069	0.35	822	880	818	831	-16	-1.81	0	838	センコー
8036	0.51	2434	2642	2401	2517	-47	-1.83	0	2540	日立ハイテク
2229	0.38	4155	4535	4055	4325	-80	-1.83	0	4364	カルビー
5938	0.29	2300	2436	2300	2334	-44	-1.84	0	2355	ＬＩＸＩＬグ
7593	0.18	633	691	610	650	-13	-1.85	0	656	ＶＴＨＤ
7420	0.55	785	859	770	808	-16	-1.86	0	815	佐鳥電機
8253	0.57	2256	2408	2222	2254	-43	-1.86	0	2275	クレセゾン
2294	0.21	1750	1850	1712	1800	-35	-1.89	0	1817	柿安本店
8848	0.32	512	559	506	527	-11	-1.9	0	532	レオパレス
8586	0.44	2715	2942	2700	2761	-54	-1.92	0	2787	日立キャピ
6417	0.37	4275	4425	4230	4330	-85	-1.94	0	4372	ＳＡＮＫＹＯ
7013	0.55	359	379	351	361	-8	-1.94	0	364	ＩＨＩ
9600	0.46	1060	1200	1038	1127	-23	-1.95	0	1138	アイネット
7458	0.2	4185	4415	4065	4255	-85	-1.97	0	4296	第一興商
3088	0.29	5340	5860	5280	5530	-110	-1.97	0	5583	マツキヨＨＤ
2897	0.4	5490	5790	5400	5510	-110	-1.98	0	5564	日清食ＨＤ
3349	0.15	13980	14740	13600	14290	-290	-2.02	0	14434	コスモス薬品
4676	0.25	1370	1438	1354	1384	-29	-2.02	0	1398	フジＨＤ
7280	0.38	1900	2065	1863	1971	-41	-2.03	0	1991	ミツバ
5929	0.45	866	911	851	872	-19	-2.06	0	881	三和ホールディングス
1722	0.45	815	869	781	817	-18	-2.08	0	825	ミサワホーム
2412	0.25	1810	2100	1776	1917	-41	-2.09	0	1934	ベネフィット・ワン
4508	0.43	1997	2083	1985	2004	-43	-2.1	0	2025	田辺三菱
6963	0.61	5910	6370	5840	5970	-130	-2.16	0	6034	ローム
8766	0.57	4404	4624	4316	4378	-96	-2.17	0	4425	東京海上
8802	0.53	2500	2681	2441	2522	-56	-2.18	0	2550	菱地所
7606	0.21	4365	4685	4320	4470	-100	-2.21	0	4519	Ｕアローズ
2695	0.33	2985	3315	2926	3125	-70	-2.21	0	3159	くらコーポレーション
9739	0.41	870	995	862	903	-21	-2.21	0	913	NSW
6474	0.43	530	574	519	541	-13	-2.22	0	547	不二越
4530	0.37	3930	4155	3930	4005	-90	-2.22	0	4049	久光薬
6136	0.37	2175	2311	2162	2175	-50	-2.25	0	2199	ＯＳＧ
6471	0.54	1487	1588	1475	1505	-35	-2.26	0	1522	日精工
4527	0.33	1938	2079	1931	1983	-46	-2.27	0	2005	ロート
3817	0.39	1931	2082	1910	1975	-46	-2.28	0	1997	SRAホールディングス
6460	0.4	1148	1228	1124	1180	-28	-2.29	0	1193	セガサミー
1605	0.26	1097	1174	1074	1123	-27	-2.32	0	1136	国際石開帝石
6754	0.29	770	806	753	776	-19	-2.32	0	785	アンリツ
4901	0.53	4500	4820	4420	4570	-107	-2.32	0	4623	富士フイルム
5857	0.33	1700	1743	1642	1677	-40	-2.33	0	1696	アサヒＨＤ
4307	0.54	4315	4595	4260	4435	-105	-2.34	0	4486	野村総研
5233	0.35	375	394	369	383	-10	-2.35	0	387	太平洋セメ
4911	0.38	2394	2644	2352	2416	-58	-2.36	0	2443	資生堂
9843	0.42	8940	9740	8880	9170	-220	-2.39	0	9277	ニトリＨＤ
8418	0.59	1435	1480	1420	1424	-35	-2.39	0	1441	山口ＦＧ
3092	0.31	3445	3700	3290	3505	-85	-2.4	0	3546	スタートトゥ
4968	0.43	1000	1100	970	1037	-26	-2.41	0	1049	荒川化学工業
5393	0.34	732	756	711	729	-19	-2.47	0	738	ニチアス
9435	0.21	7620	7920	7550	7610	-190	-2.48	0	7702	光通信
3231	0.48	2178	2345	2176	2222	-56	-2.48	0	2249	野村不ＨＤ
6856	0.49	3930	4150	3830	3975	-100	-2.49	0	4024	堀場製
4283	0.54	3820	3825	3765	3775	-95	-2.49	0	3942	パナソニックIS
7259	0.46	4100	4390	4055	4165	-105	-2.5	0	4216	アイシン
2131	0.18	1150	1207	1122	1158	-30	-2.5	0	1172	アコーディア
9735	0.72	7255	7599	7156	7288	-185	-2.52	0	7380	セコム
7649	0.36	5450	5740	5390	5510	-140	-2.52	0	5579	スギＨＤ
5105	0.41	2500	2678	2437	2531	-65	-2.53	0	2563	洋ゴム
9742	0.41	929	995	900	948	-25	-2.53	0	960	アイネス
4689	0.44	462	497	453	473	-13	-2.54	0	479	ヤフー
2359	0.32	780	820	752	780	-21	-2.56	0	790	コア
4555	0.36	7220	7720	7100	7390	-190	-2.56	0	7484	沢井製薬
1802	0.42	959	1017	932	963	-26	-2.6	0	975	大林組
3197	0.25	1661	1735	1637	1680	-45	-2.62	0	1702	すかいらーく
9682	0.38	2475	2653	2428	2508	-67	-2.63	0	2541	DTS
6586	0.4	6470	6680	6340	6410	-170	-2.64	0	6494	マキタ
8334	0.56	740	788	740	755	-21	-2.65	0	765	群馬銀
4631	0.51	260	276	256	263	-8	-2.66	0	266	ＤＩＣ
5970	0.38	1140	1199	1111	1160	-32	-2.67	0	1175	ジーテクト
7245	0.46	999	1064	980	1001	-28	-2.7	0	1014	大同メ
6412	0.38	2240	2357	2202	2288	-63	-2.71	0	2319	平和
4201	0.38	798	829	785	813	-23	-2.71	0	824	日合成
9831	0.32	444	456	430	443	-13	-2.71	0	449	ヤマダ電
8184	0.43	2836	2919	2791	2829	-78	-2.72	0	2867	島忠
8309	0.59	479	499	469	476	-14	-2.73	0	483	三井住友トラ
6201	0.57	5450	5830	5400	5450	-150	-2.73	0	5524	豊田織
2674	0.45	1350	1500	1320	1381	-39	-2.75	0	1399	ハードオフコーポレーション
8410	0.39	464	498	461	471	-14	-2.76	0	477	セブン銀
9956	0.39	3355	3590	3355	3390	-95	-2.77	0	3436	バロー
4204	0.55	1251	1311	1246	1265	-36	-2.77	0	1282	積水化
6395	0.33	1527	1648	1506	1555	-44	-2.77	0	1576	タダノ
3048	0.22	1046	1139	1029	1079	-31	-2.78	0	1094	ビックカメラ
4681	0.37	2946	3175	2905	3015	-85	-2.79	0	3055	リゾートトラ
9048	0.45	460	475	456	457	-14	-2.84	0	463	名鉄
1801	0.46	736	779	720	738	-22	-2.85	0	748	大成建
3793	0.13	680	830	656	700	-21	-2.86	0	710	ドリコム
1812	0.35	628	659	617	624	-19	-2.88	0	633	鹿島
2875	0.4	4320	4485	4300	4305	-125	-2.88	0	4367	東洋水
4812	0.34	1261	1337	1259	1270	-38	-2.91	0	1288	電通国際情報サービス
7276	0.5	3730	3945	3695	3735	-110	-2.92	0	3789	小糸製
6861	0.54	52630	56270	51750	52610	-1540	-2.93	0	53372	キーエンス
8233	0.5	1015	1071	995	1019	-31	-2.94	0	1034	高島屋
9989	0.34	6360	6790	6320	6430	-190	-2.94	0	6522	サンドラッグ
4004	0.42	135	140	132	135	-5	-2.96	0	137	昭電工
8129	0.28	2464	2619	2464	2500	-75	-2.96	0	2536	東邦ＨＤ
6289	0.11	1438	1500	1401	1455	-44	-2.96	0	1476	技研製作所
9041	0.49	411	424	405	406	-13	-2.96	0	412	近鉄ＧＨＤ
4452	0.45	5291	5610	5240	5332	-160	-2.98	0	5410	花王
4348	0.28	1008	1092	981	1036	-32	-2.99	0	1051	インフォコム
6741	0.46	1020	1111	1020	1055	-33	-3.03	0	1071	日本信号
8308	0.6	552	592	545	560	-18	-3.04	0	569	りそなＨＤ
8227	0.32	10720	11320	10620	10840	-330	-3.04	0	11002	しまむら
2327	0.38	4135	4345	4060	4080	-125	-3.04	0	4141	新日鉄住金ソリューションズ
4523	0.44	7480	8000	7452	7464	-229	-3.05	0	7575	エーザイ
1911	0.61	1255	1322	1254	1275	-40	-3.06	0	1294	住友林
2593	0.33	2700	2790	2672	2684	-83	-3.06	0	2725	伊藤園
6465	0.45	7100	7440	6880	7100	-220	-3.08	0	7209	ホシザキ電機
3099	0.51	1820	1933	1782	1817	-57	-3.08	0	1845	三越伊勢丹
3512	0.43	491	509	481	485	-16	-3.09	0	492	日本フェルト
2809	0.33	2353	2487	2307	2387	-75	-3.1	0	2423	キユーピー
2413	0.31	2504	2764	2452	2573	-81	-3.11	0	2612	エムスリー
7279	0.34	3345	3720	3250	3500	-110	-3.11	0	3554	ハイレックスコーポレーション
2670	0.26	6910	7300	6860	6990	-220	-3.13	0	7099	ＡＢＣマート
2802	0.51	2475	2570	2444	2445	-78	-3.15	0	2484	味の素
8572	0.47	514	544	500	507	-17	-3.16	0	515	アコム
2269	0.46	18000	19290	17650	17960	-570	-3.17	0	18228	明治ＨＤ
3391	0.28	9160	9770	9000	9310	-300	-3.21	0	9457	ツルハＨＤ
7313	0.37	3080	3240	3040	3075	-100	-3.22	0	3124	ＴＳテック
3360	0.44	2526	2634	2497	2543	-83	-3.22	0	2584	シップＨＤ
4519	0.58	4380	4540	4280	4310	-140	-3.23	0	4378	中外薬
9003	0.53	647	681	630	648	-22	-3.24	0	658	相鉄ＨＤ
3738	0.23	1840	1894	1800	1820	-60	-3.24	0	1849	ティーガイア
9783	0.37	3055	3160	3025	3045	-100	-3.25	0	3094	ベネッセＨＤ
7628	0.44	1278	1391	1248	1353	-45	-3.25	0	1375	オーハシテクニカ
7272	0.55	2111	2289	2108	2148	-71	-3.26	0	2183	ヤマハ発
6448	0.43	1530	1645	1530	1566	-52	-3.26	0	1591	ブラザー
5214	0.36	525	544	510	520	-18	-3.27	0	528	日電硝
3116	0.51	1850	1983	1836	1888	-63	-3.28	0	1918	トヨタ紡織
2282	0.35	2681	2780	2634	2636	-88	-3.3	0	2679	日ハム
4902	0.55	1265	1332	1246	1269	-43	-3.31	0	1290	コニカミノル
8273	0.44	4800	5130	4800	4955	-165	-3.31	0	5035	イズミ
4543	0.69	3170	3310	3125	3135	-105	-3.32	0	3186	テルモ
7860	0.19	1481	1560	1431	1470	-50	-3.33	0	1494	エイベＧＨＤ
8840	0.47	178	190	176	180	-7	-3.33	0	183	大京
7701	0.49	1643	1747	1609	1647	-56	-3.34	0	1673	島津製作所
9719	0.47	3980	4225	3880	4010	-135	-3.34	0	4077	ＳＣＳＫ
8604	0.62	707	759	695	717	-25	-3.35	0	729	野村
5471	0.38	419	441	411	417	-15	-3.36	0	424	大同特鋼
4185	0.41	1850	1914	1829	1839	-63	-3.37	0	1870	ＪＳＲ
8830	0.63	3910	4160	3800	3917	-133	-3.37	0	3982	住友不
5631	0.5	384	405	376	386	-14	-3.37	0	392	日製鋼
3632	0.2	554	586	537	561	-20	-3.39	0	570	グリー
1878	0.34	12450	12835	12130	12315	-420	-3.4	0	12523	大東建
2267	0.47	6400	6730	6240	6410	-220	-3.42	0	6518	ヤクルト
4716	0.41	4700	4985	4660	4755	-165	-3.45	0	4837	日本オラクル
7518	0.28	670	692	660	664	-24	-3.46	0	675	ネットワンシステムズ
5986	0.43	298	300	282	289	-11	-3.46	0	294	パイオラックス
4832	0.05	1150	1150	1060	1120	-40	-3.48	0	1139	JFEシステムズ
5020	0.17	440	444	426	431	-16	-3.48	0	439	ＪＸ
6506	0.52	1293	1374	1264	1292	-46	-3.48	0	1314	安川電
4503	0.49	1727	1824	1717	1719	-61	-3.49	0	1749	アステラス
6954	0.59	19005	19885	18575	18750	-655	-3.49	0	19075	ファナック
6755	0.29	1396	1480	1363	1400	-50	-3.5	0	1424	富士通ゼ
7751	0.43	3548	3732	3522	3551	-126	-3.52	0	3613	キヤノン
8114	0.46	1575	1680	1566	1587	-57	-3.53	0	1614	デサント
3289	0.54	796	836	778	793	-29	-3.53	0	807	東急不ＨＤ
2801	0.6	3650	3845	3610	3640	-130	-3.54	0	3703	キッコマン
4116	0.59	532	534	507	508	-19	-3.54	0	517	大日精化工業
3141	0.26	4950	5190	4755	4895	-175	-3.55	0	4979	ウエルシア
9984	0.44	6908	7193	6818	6890	-246	-3.56	0	7012	ソフトバンク
1983	0.15	1144	1214	1122	1153	-42	-3.56	0	1173	東芝プラ
1951	0.44	1179	1229	1160	1177	-43	-3.57	0	1198	協エクシオ
7269	0.48	3800	4043	3728	3812	-137	-3.57	0	3880	スズキ
7011	0.56	552	592	545	557	-21	-3.59	0	568	三菱重
7459	0.47	1995	2065	1969	1973	-72	-3.6	0	2008	メディパル
6902	0.67	5133	5429	5091	5146	-187	-3.61	0	5238	デンソー
8801	0.62	3220	3432	3123	3200	-117	-3.62	0	3257	三井不
3402	0.52	996	1041	991	991	-37	-3.63	0	1009	東レ
5334	0.42	2910	3025	2860	2860	-105	-3.64	0	2912	特殊陶
8729	0.46	2080	2205	2059	2087	-77	-3.64	0	2125	ソニーＦＨ
3765	0.11	321	360	316	330	-13	-3.64	0	336	ガンホー
5019	0.17	1888	1984	1853	1918	-71	-3.65	0	1953	出光興産
3636	0.39	2687	2887	2687	2736	-101	-3.65	0	2786	三菱総合研究所
6371	0.4	867	934	858	877	-33	-3.65	0	893	椿本チ
4217	0.61	1730	1825	1705	1747	-65	-3.66	0	1779	日立化
9031	0.47	575	595	565	570	-22	-3.68	0	580	西鉄
4540	0.35	2575	2651	2541	2552	-95	-3.68	0	2599	ツムラ
5196	0.3	553	593	553	568	-22	-3.7	0	578	鬼ゴム
5714	0.51	990	1055	977	996	-38	-3.71	0	1014	ＤＯＷＡ
8933	0.5	1073	1133	1050	1077	-41	-3.71	0	1097	ＮＴＴ都市
4719	0.32	1625	1760	1625	1643	-62	-3.71	0	1673	アルファシステムズ
6268	0.45	2353	2461	2315	2348	-89	-3.75	0	2392	ナブテスコ
4534	0.5	7140	7620	7070	7160	-270	-3.76	0	7293	持田薬
6502	0.44	352	375	341	346	-14	-3.76	0	353	東芝
7451	0.37	2357	2484	2348	2367	-90	-3.76	0	2411	三菱食品
8593	0.59	550	584	546	552	-22	-3.8	0	562	三菱Ｕリース
4202	0.5	1432	1491	1405	1418	-55	-3.81	0	1445	ダイセル
8591	0.59	1510	1623	1496	1519	-59	-3.82	0	1548	オリックス
5201	0.43	700	741	694	707	-28	-3.82	0	720	旭硝子
7201	0.55	1000	1105	999	1020	-40	-3.82	0	1039	日産自
4205	0.41	965	1019	959	967	-38	-3.83	0	985	ゼオン
4612	0.42	2390	2548	2360	2405	-93	-3.83	0	2450	日本ペＨＤ
6501	0.6	649	688	641	653	-26	-3.83	0	666	日立
6326	0.56	1720	1839	1698	1744	-68	-3.84	0	1777	クボタ
1417	0.33	1063	1114	1027	1062	-42	-3.86	0	1082	ミライト・ホールディングス
2503	0.47	1640	1704	1620	1634	-64	-3.86	0	1666	キリンＨＤ
8473	0.66	1380	1481	1375	1392	-55	-3.88	0	1419	SBIホールディングス
9086	0.42	1900	2005	1891	1924	-76	-3.9	0	1961	日立物流
1952	0.36	870	959	855	894	-36	-3.91	0	911	新日本空調
8425	0.53	2313	2438	2291	2319	-92	-3.92	0	2364	興銀リース
8905	0.44	1946	2036	1901	1941	-77	-3.92	0	1979	イオンモール
9001	0.48	520	534	509	509	-21	-3.93	0	519	東武
4088	0.58	1862	1988	1852	1879	-75	-3.94	0	1916	エアウォータ
6473	0.52	1647	1749	1642	1650	-66	-3.94	0	1682	ジェイテクト
2681	0.28	1644	1800	1585	1696	-68	-3.95	0	1728	ゲオＨＤ
9005	0.53	818	849	807	810	-33	-3.95	0	826	東急
7278	0.45	2565	2741	2560	2595	-104	-3.97	0	2646	エクセディ
9503	0.41	1384	1506	1360	1386	-56	-3.97	0	1413	関西電力
7203	0.64	6700	7196	6650	6725	-269	-3.99	0	6858	トヨタ
7248	0.44	762	792	742	750	-31	-4	0	765	カルソカンセ
9810	0.36	377	391	371	375	-16	-4	0	382	日鉄住金物
6370	0.45	2379	2511	2373	2382	-97	-4.03	0	2430	栗田工
6752	0.52	1200	1294	1180	1210	-50	-4.05	0	1235	パナソニック
4507	0.49	4515	4735	4415	4420	-180	-4.05	0	4507	塩野義
4208	0.37	198	207	195	197	-9	-4.06	0	201	宇部興
6702	0.3	537	573	527	539	-23	-4.08	0	550	富士通
7741	0.48	4329	4590	4294	4354	-179	-4.09	0	4442	ＨＯＹＡ
6503	0.59	1143	1213	1122	1146	-48	-4.1	0	1170	三菱電
9045	0.51	727	765	721	730	-31	-4.11	0	745	京阪電
2780	0.21	2800	3105	2747	2868	-119	-4.11	0	2925	エンカレッジ・テクノロジ
8031	0.4	1482	1524	1445	1455	-61	-4.12	0	1485	三井物
2651	0.36	8510	8700	8320	8460	-350	-4.13	0	8634	ローソン
4042	0.4	507	536	498	509	-22	-4.13	0	519	東ソー
8601	0.7	800	841	779	796	-34	-4.15	0	812	大和
9936	0.31	3750	3890	3600	3700	-155	-4.16	0	3777	王将フード
7240	0.49	2717	2900	2692	2749	-116	-4.18	0	2806	ＮＯＫ
8379	0.59	618	648	618	621	-27	-4.19	0	634	広島銀
9364	0.51	970	1046	958	975	-42	-4.21	0	995	上組
4063	0.63	6514	6867	6432	6443	-272	-4.21	0	6578	信越化
4581	0.48	7740	7930	7570	7570	-320	-4.21	0	7728	大正薬ＨＤ
6727	0.16	400	430	392	404	-18	-4.21	0	412	ワコム
8697	0.65	3385	3630	3355	3415	-145	-4.22	0	3485	日本取引所
6703	0.42	214	225	210	213	-10	-4.23	0	217	ＯＫＩ
8524	0.49	446	466	441	448	-20	-4.24	0	457	北洋銀
5002	0.29	981	994	950	968	-42	-4.24	0	988	昭和シェル
6841	0.54	1419	1500	1383	1389	-60	-4.25	0	1418	横河電
9437	0.38	2410	2538	2382	2401	-103	-4.25	0	2452	ＮＴＴドコモ
6361	0.29	476	492	463	469	-21	-4.26	0	479	荏原
8609	0.69	701	750	680	703	-31	-4.27	0	718	岡三
6256	0.25	4400	4565	4200	4400	-190	-4.3	0	4494	ニューフレア
8333	0.61	605	634	599	605	-27	-4.3	0	618	常陽銀
7267	0.5	3564	3800	3514	3550	-154	-4.31	0	3626	ホンダ
7242	0.48	342	363	338	345	-16	-4.35	0	352	ＫＹＢ
1963	0.25	1735	1822	1710	1722	-76	-4.36	0	1760	日揮
4061	0.57	490	505	480	482	-22	-4.36	0	492	電化
9375	0.49	4300	4570	4195	4325	-190	-4.37	0	4418	近鉄エクス
8377	0.61	251	264	249	252	-12	-4.37	0	257	ほくほくＦＧ
7270	0.51	3825	4081	3669	3802	-167	-4.37	0	3884	富士重
4726	0.48	1101	1216	1092	1145	-51	-4.37	0	1170	ソフトバンク・テクノロジー
8218	0.33	2526	2636	2503	2535	-112	-4.38	0	2590	コメリ
6923	0.4	2285	2371	2221	2236	-99	-4.38	0	2285	スタンレー
9042	0.6	701	713	685	685	-31	-4.38	0	700	阪急阪神
3407	0.58	937	954	911	911	-41	-4.39	0	931	旭化成
5101	0.45	1361	1361	1317	1319	-59	-4.4	1	1336	浜ゴム
8355	0.62	1240	1287	1225	1225	-55	-4.41	0	1251	静岡銀
9422	0.32	1233	1321	1202	1241	-56	-4.43	0	1268	コネクシオ
9020	0.53	10700	11045	10400	10555	-470	-4.44	0	10786	ＪＲ東日本
7262	0.27	1452	1503	1415	1437	-65	-4.45	0	1469	ダイハツ
6366	0.32	827	878	818	831	-38	-4.45	0	849	千代建
9532	0.45	480	497	470	470	-22	-4.47	0	481	大ガス
3799	0.2	498	555	460	512	-24	-4.49	0	523	キーウェアソリューションズ
8015	0.61	2626	2720	2581	2602	-118	-4.5	0	2660	豊田通商
8088	0.47	664	696	655	667	-31	-4.5	0	682	岩谷産
8628	0.7	988	1019	954	973	-45	-4.52	0	995	松井
8327	0.51	309	325	306	310	-15	-4.52	0	317	西日シ銀
8616	0.65	754	792	742	749	-35	-4.54	0	766	東海東京
6651	0.5	2200	2350	2160	2203	-101	-4.54	0	2252	日東工業
6301	0.45	2000	2103	1965	2000	-92	-4.55	0	2046	コマツ
9787	0.3	3595	3840	3560	3605	-165	-4.55	0	3685	イオンディラ
5486	0.4	1470	1548	1442	1472	-68	-4.55	0	1505	日立金
8356	0.61	464	486	459	462	-22	-4.55	0	472	十六銀
4568	0.4	2200	2319	2146	2195	-101	-4.56	0	2244	第一三共
4768	0.27	6080	6380	6000	6100	-280	-4.57	0	6238	大塚商会
5949	0.35	2095	2230	2040	2146	-99	-4.57	0	2194	ユニプレス
6302	0.5	501	528	495	499	-24	-4.61	0	510	住友重
8544	0.56	588	615	581	584	-28	-4.62	0	597	京葉銀
6463	0.48	2620	2825	2590	2675	-125	-4.64	0	2736	ＴＰＲ
4704	0.61	4180	4390	4125	4155	-195	-4.67	0	4251	トレンド
6367	0.62	6950	7437	6903	6925	-325	-4.68	0	7086	ダイキン
8566	0.55	3155	3370	3135	3180	-150	-4.69	0	3254	リコーリース
9404	0.43	2020	2106	1993	2024	-96	-4.69	0	2071	日テレＨＤ
2768	0.33	230	252	225	234	-12	-4.7	0	239	双日
2871	0.47	720	742	697	700	-34	-4.71	0	716	ニチレイ
9008	0.55	890	925	870	871	-42	-4.71	0	891	京王
8028	0.3	5310	5490	5190	5260	-250	-4.73	0	5384	ファミリーＭ
8359	0.56	780	820	780	782	-38	-4.73	0	800	八十二
5108	0.57	3798	4029	3753	3800	-181	-4.74	0	3889	ブリヂストン
5991	0.4	1117	1171	1104	1116	-54	-4.75	0	1142	ニッパツ
9602	0.45	2651	2750	2608	2625	-126	-4.76	0	2687	東宝
5947	0.27	8450	8790	8330	8350	-400	-4.78	0	8547	リンナイ
8136	0.32	3600	3775	3565	3605	-175	-4.83	0	3691	サンリオ
4502	0.5	5800	6112	5690	5690	-276	-4.83	0	5826	武田
4188	0.54	645	689	637	640	-32	-4.84	0	656	三菱ケミＨＤ
3086	0.53	1858	1962	1833	1859	-91	-4.84	0	1903	Ｊフロント
8382	0.58	1631	1714	1631	1631	-80	-4.84	0	1670	中国銀
7595	0.47	1633	1749	1611	1629	-80	-4.85	0	1668	アルゴグラフィックス
8051	0.54	900	934	870	882	-44	-4.88	0	903	山善
8332	0.57	695	736	691	694	-35	-4.9	0	711	横浜銀
6674	0.41	431	455	423	428	-22	-4.91	0	438	ＧＳユアサ
8385	0.63	1280	1345	1273	1283	-64	-4.91	0	1314	伊予銀
4506	0.46	1297	1335	1263	1264	-63	-4.91	0	1295	大日本住友製薬
4842	0.22	297	320	295	305	-16	-4.92	0	312	ＵＳＥＮ
1925	0.56	2750	2882	2716	2726	-135	-4.92	0	2792	ハウス
3382	0.57	5022	5259	4995	4995	-248	-4.94	0	5117	セブン＆アイ
9064	0.47	2300	2354	2223	2223	-111	-4.95	0	2278	ヤマトＨＤ
7282	0.53	2253	2366	2218	2256	-113	-4.96	0	2311	豊田合
7936	0.33	3160	3370	3150	3190	-160	-4.98	0	3268	アシックス
5711	0.43	361	378	353	361	-19	-4.99	0	370	三菱マ
4298	0.16	1610	1630	1499	1600	-81	-5	0	1640	プロトコーポレーション
8001	0.4	1308	1391	1305	1320	-67	-5	0	1353	伊藤忠
9007	0.57	1060	1090	1034	1037	-53	-5.01	0	1063	小田急
4151	0.43	1955	2046	1907	1909	-97	-5.03	0	1956	協和キリン
9934	0.55	3600	3690	3490	3555	-180	-5.04	0	3644	因幡電機産業
3659	0.35	1504	1621	1465	1507	-77	-5.04	0	1542	ネクソン
6971	0.65	5741	5899	5557	5565	-282	-5.05	0	5705	京セラ
2914	0.36	4080	4187	3984	3984	-203	-5.07	0	4084	ＪＴ
3291	0.35	1900	1999	1884	1894	-97	-5.07	0	1939	飯田ＧＨＤ
5706	0.35	240	248	232	236	-13	-5.08	0	242	三井金
2502	0.4	3750	3819	3675	3675	-188	-5.09	0	3768	アサヒ
9613	0.69	5330	5590	5260	5280	-270	-5.09	0	5414	ＮＴＴデータ
9076	0.25	1303	1365	1303	1310	-68	-5.11	0	1343	セイノーホールディングス
8002	0.49	630	657	622	626	-33	-5.11	0	642	丸紅
8137	0.49	1003	1060	990	1010	-53	-5.15	0	1036	サンワテクノス
8354	0.58	570	592	560	561	-30	-5.17	0	575	ふくおかＦＧ
5401	0.46	235	246	227	232	-13	-5.17	0	238	新日鉄住金
9065	0.26	566	585	555	556	-30	-5.22	0	570	山九
1721	0.36	1453	1511	1430	1434	-76	-5.23	0	1471	コムシスＨＤ
6305	0.52	1772	1817	1707	1710	-91	-5.26	0	1755	日立建機
7205	0.54	1229	1297	1203	1216	-65	-5.26	0	1248	日野自
5713	0.35	1430	1478	1401	1404	-75	-5.27	0	1441	住友鉱
8424	0.46	4255	4470	4215	4240	-225	-5.28	0	4350	芙蓉リース
3405	0.62	1403	1447	1374	1379	-74	-5.29	0	1415	クラレ
6952	0.42	2275	2349	2184	2193	-117	-5.29	0	2250	カシオ
9531	0.45	639	663	623	623	-34	-5.3	0	640	東ガス
9948	0.32	2339	2421	2307	2315	-124	-5.31	0	2376	アークス
5411	0.43	1824	1880	1733	1771	-95	-5.31	0	1818	ＪＦＥ
2433	0.51	1107	1156	1100	1104	-60	-5.34	0	1133	博報堂ＤＹ
8020	0.48	168	179	165	168	-10	-5.36	0	172	兼松
9640	0.1	1207	1207	1120	1152	-63	-5.38	0	1183	セゾン情報システムズ
8897	0.39	455	496	451	465	-26	-5.38	0	477	タカラレーベ
7014	0.42	776	845	771	792	-44	-5.43	0	813	名村造
4569	0.39	2029	2108	2004	2004	-110	-5.44	0	2058	キョーリン
8439	0.55	3485	3630	3445	3445	-190	-5.49	0	3538	ＴＣリース
4684	0.44	5070	5290	5010	5080	-280	-5.49	0	5218	オービック
9009	0.43	1256	1312	1234	1236	-69	-5.5	0	1270	京成
7483	0.4	2110	2111	2018	2019	-112	-5.5	0	2074	ドウシシャ
8870	0.43	3085	3310	3040	3070	-170	-5.5	0	3154	住友販売
2726	0.17	3475	3585	3350	3415	-190	-5.53	0	3508	パル
8053	0.49	1201	1247	1180	1184	-67	-5.57	0	1217	住友商
8331	0.63	828	866	822	825	-47	-5.58	0	848	千葉銀
8282	0.3	3785	3815	3645	3650	-205	-5.59	0	3752	ケーズＨＤ
4732	0.51	1995	2069	1967	1967	-112	-5.64	0	2021	ＵＳＳ
4324	0.6	5700	6000	5600	5630	-320	-5.67	0	5786	電通
9022	0.5	18810	19570	18255	18300	-1040	-5.68	0	18810	ＪＲ東海
7003	0.41	173	187	170	176	-11	-5.68	0	181	三井造
8270	0.45	750	766	730	732	-43	-5.74	0	753	ユニーＧＨＤ
4544	0.49	4960	5250	4920	4935	-285	-5.75	0	5075	みらかＨＤ
6037	0.24	1600	2070	1582	1890	-110	-5.77	0	1941	ファーストロジック
5802	0.53	1575	1640	1558	1558	-91	-5.78	0	1602	住友電
4021	0.64	2620	2711	2556	2564	-150	-5.81	0	2637	日産化
9468	0.21	1400	1457	1363	1372	-81	-5.83	0	1412	カドカワドワンゴ
5186	0.65	2700	2927	2665	2767	-163	-5.85	0	2846	ニッタ
6762	0.67	6900	7480	6780	6790	-400	-5.88	0	6988	ＴＤＫ
8267	0.43	1783	1838	1690	1715	-102	-5.89	0	1765	イオン
7296	0.33	1850	1905	1812	1812	-108	-5.91	0	1865	ＦＣＣ
5332	0.48	1800	1899	1755	1777	-106	-5.91	0	1828	ＴＯＴＯ
3788	0.39	683	780	683	708	-43	-5.93	0	729	GMOクラウド
6504	0.47	467	481	450	455	-28	-5.93	0	468	富士電機
8043	0.33	316	339	315	320	-20	-5.94	0	329	スターゼン
4091	0.54	1380	1434	1356	1356	-82	-5.97	0	1396	大陽日酸
7261	0.54	1911	2094	1881	1934	-117	-6	0	1992	マツダ
1881	0.3	1912	1977	1862	1878	-114	-6.02	0	1934	ＮＩＰＰＯ
1928	0.46	1683	1760	1667	1669	-102	-6.05	0	1719	積ハウス
9983	0.67	49900	51450	47660	47975	-2925	-6.09	0	49421	ファストリ
8058	0.42	2101	2205	2077	2083	-128	-6.1	0	2147	三菱商
8012	0.67	1386	1420	1357	1358	-84	-6.11	0	1399	長瀬産業
4722	0.37	620	669	613	629	-40	-6.2	0	648	フューチャーアーキテクト
9062	0.53	569	584	557	557	-36	-6.28	0	574	日通
9301	0.57	1416	1480	1377	1381	-90	-6.44	0	1425	三菱倉庫
6094	-0.02	1286	1489	1190	1320	-86	-6.44	0	1362	フリークアウト
8876	0.38	11130	12140	11010	11210	-730	-6.5	0	11560	リロＨＬＤ
4634	0.61	462	466	440	440	-30	-6.59	0	454	洋インキＨＤ
9513	0.36	3550	3730	3460	3460	-230	-6.62	0	3573	Ｊパワー
2395	0.31	470	508	426	450	-31	-6.67	0	465	新日本科学
9021	0.42	7834	8130	7640	7645	-520	-6.79	0	7899	ＪＲ西日本
7211	0.35	887	921	871	871	-61	-6.89	0	901	三菱自
6425	0.3	2069	2400	2038	2121	-148	-6.93	0	2188	ユニバーサル
7520	0.32	1047	1210	1024	1090	-77	-6.97	0	1127	エコス
2317	0.41	1040	1136	1024	1061	-75	-6.97	0	1097	システナ
4578	0.41	3828	4013	3764	3764	-265	-7.01	0	3894	大塚ＨＤ
7012	0.58	442	459	423	430	-32	-7.21	0	445	川重
3774	0.19	2125	2241	2039	2042	-150	-7.3	0	2116	ＩＩＪ
7177	0.29	650	713	620	666	-52	-7.66	0	691	GMOクリックホールディングス
3905	0.11	480	597	476	530	-42	-7.74	0	550	データセクション
6093	0.15	8330	9700	7900	8550	-680	-7.94	0	8860	エスクロー・エージェント・ジャパン
4231	0.33	662	694	639	653	-54	-8.12	0	679	タイガースポリマー
4272	0.5	1222	1250	1168	1170	-102	-8.63	0	1220	日化薬
4206	0.46	2457	2556	2389	2397	-210	-8.72	0	2500	アイカ
4613	0.51	1837	1879	1775	1775	-165	-9.24	0	1856	関西ペ
3903	0.03	1060	1177	1003	1076	-104	-9.57	0	1127	gumi
3606	0.39	145	154	136	141	-18	-12.06	0	149	レナウン
3907	0.21	3645	4100	3350	3500	-425	-12.11	0	3710	シリコンスタジオ
