銘柄コード,日経平均との相関係数,始値,高値,安値,終値,前日との差異,前日からの変化率,トレンド (0=下降 1=上昇),回帰分析による予測株価,銘柄名
6093,0.16,8850,9300,8810,9100,550,6.05,0,8850,エスクロー・エージェント・ジャパン
4587,0.18,14110,14920,14020,14730,590,4.01,1,14495,ペプチドリーム
9432,0.39,8953,9147,8939,9075,122,1.36,0,8824,ＮＴＴ
4666,0.2,2351,2435,2337,2396,16,0.71,1,2388,パーク２４
7532,0.37,10460,10630,10460,10500,40,0.39,1,10228,ドンキＨＤ
7003,0.43,190,192,188,188,-1,0.0,0,188,三井造
5970,0.39,1255,1282,1245,1249,-2,-0.08,1,1249,ジーテクト
4761,-0.09,660,660,652,652,-2,-0.15,0,652,さくらケーシーエス
9962,0.45,5480,5550,5450,5480,-10,-0.16,1,5475,ミスミＧ
1417,0.36,1132,1174,1126,1133,-3,-0.18,0,1134,ミライト・ホールディングス
7458,0.21,4615,4625,4560,4585,-10,-0.2,1,4589,第一興商
6370,0.46,2571,2614,2520,2520,-6,-0.2,0,2522,栗田工
2702,0.25,2665,2680,2655,2663,-7,-0.23,1,2666,マクドナルド
4185,0.43,1900,1944,1881,1902,-6,-0.26,0,1904,ＪＳＲ
7451,0.39,2616,2727,2594,2617,-8,-0.27,1,2620,三菱食品
4793,0.15,923,923,893,919,-4,-0.33,1,920,富士通ビー・エス・シー
1719,0.34,791,809,784,791,-4,-0.38,1,792,安藤ハザマ
4208,0.38,214,214,208,208,-2,-0.48,0,208,宇部興
6473,0.52,1721,1748,1699,1699,-10,-0.53,0,1703,ジェイテクト
8051,0.53,950,974,938,944,-6,-0.53,0,946,山善
9766,0.37,2700,2719,2633,2639,-25,-0.91,0,2651,コナミ
6301,0.44,2009,2034,1991,1994,-20,-0.95,0,2004,コマツ
2294,0.22,1891,1898,1870,1870,-19,-0.96,0,1879,柿安本店
4837,0.19,516,517,511,511,-6,-0.98,1,513,シダックス
3360,0.44,2665,2702,2635,2635,-31,-1.14,1,2650,シップＨＤ
5929,0.45,921,935,911,911,-14,-1.43,1,917,三和ホールディングス
4004,0.45,139,140,135,136,-3,-1.47,0,137,昭電工
6361,0.3,477,480,468,476,-8,-1.47,0,479,荏原
8358,0.6,2325,2330,2290,2290,-36,-1.53,0,2307,スルガ銀
8227,0.35,11260,11350,11020,11040,-170,-1.53,0,11123,しまむら
8002,0.49,665,670,654,654,-11,-1.53,0,659,丸紅
1963,0.26,1802,1815,1745,1745,-28,-1.55,0,1758,日揮
4832,0.05,1161,1170,1157,1161,-19,-1.55,0,1170,JFEシステムズ
5393,0.34,764,782,756,763,-13,-1.57,0,769,ニチアス
9684,0.32,3160,3210,3110,3115,-50,-1.57,0,3139,スクウェア・エニックス・ホールディングス
4722,0.38,702,704,684,697,-12,-1.58,1,702,フューチャーアーキテクト
8214,0.36,1461,1478,1436,1440,-24,-1.6,0,1451,ＡＯＫＩＨＤ
8031,0.4,1578,1591,1552,1552,-26,-1.61,0,1565,三井物
1721,0.36,1516,1534,1485,1485,-25,-1.62,0,1497,コムシスＨＤ
8114,0.46,1690,1737,1659,1660,-28,-1.63,1,1673,デサント
3861,0.38,564,575,552,552,-10,-1.63,1,556,王子ＨＤ
9602,0.45,2735,2748,2676,2691,-45,-1.64,0,2713,東宝
1802,0.42,1054,1065,1032,1032,-18,-1.65,0,1040,大林組
5233,0.38,412,413,403,403,-8,-1.74,0,406,太平洋セメ
8586,0.44,2884,2902,2846,2869,-52,-1.78,0,2894,日立キャピ
4719,0.34,1805,1830,1740,1760,-33,-1.82,1,1776,アルファシステムズ
3636,0.42,2966,3020,2936,2945,-55,-1.83,1,2972,三菱総合研究所
8304,0.41,440,444,435,435,-9,-1.84,0,439,あおぞら銀
8356,0.62,495,502,486,486,-10,-1.85,0,490,十六銀
7483,0.43,2289,2299,2242,2246,-43,-1.87,1,2267,ドウシシャ
1951,0.45,1247,1257,1223,1223,-24,-1.88,0,1234,協エクシオ
5196,0.3,582,589,575,578,-12,-1.9,0,583,鬼ゴム
7177,0.32,731,743,720,729,-15,-1.92,0,736,GMOクリックホールディングス
8379,0.59,685,698,672,672,-14,-1.93,1,678,広島銀
6703,0.44,211,213,205,207,-5,-1.93,0,209,ＯＫＩ
4348,0.28,1220,1234,1173,1186,-24,-1.94,1,1197,インフォコム
6417,0.4,4650,4650,4565,4575,-90,-1.95,1,4619,ＳＡＮＫＹＯ
6861,0.54,56200,57500,55300,55300,-1090,-1.97,0,55838,キーエンス
1801,0.46,819,828,805,805,-17,-1.99,1,813,大成建
9435,0.23,8120,8140,7920,7920,-160,-2.01,1,7998,光通信
5012,0.22,1210,1218,1184,1185,-25,-2.03,1,1197,東燃ゼネ
5706,0.36,249,250,242,243,-6,-2.06,0,245,三井金
8508,0.25,1028,1036,1005,1008,-22,-2.08,1,1018,Ｊトラスト
8729,0.46,2249,2288,2218,2226,-48,-2.11,1,2249,ソニーＦＨ
9048,0.46,478,479,471,472,-11,-2.12,0,477,名鉄
7751,0.43,3697,3704,3627,3627,-80,-2.18,0,3667,キヤノン
7013,0.55,376,376,367,367,-9,-2.18,0,371,ＩＨＩ
6954,0.58,19525,19850,19280,19290,-425,-2.2,0,19502,ファナック
8333,0.62,645,649,634,634,-15,-2.21,0,641,常陽銀
5857,0.35,1788,1828,1760,1760,-40,-2.22,0,1779,アサヒＨＤ
8566,0.55,3385,3385,3310,3320,-75,-2.23,0,3357,リコーリース
6460,0.4,1270,1275,1250,1250,-29,-2.24,0,1264,セガサミー
8309,0.59,505,506,489,489,-12,-2.25,0,495,三井住友トラ
5214,0.37,541,546,522,523,-13,-2.29,0,529,日電硝
7731,0.4,1547,1557,1517,1519,-36,-2.3,0,1536,ニコン
2359,0.33,840,840,817,822,-20,-2.31,1,831,コア
8418,0.61,1483,1499,1463,1463,-35,-2.32,0,1480,山口ＦＧ
7296,0.33,1833,1839,1802,1807,-43,-2.32,0,1828,ＦＣＣ
2670,0.29,7390,7580,7170,7190,-170,-2.35,1,7274,ＡＢＣマート
8933,0.5,1120,1128,1101,1106,-27,-2.35,0,1119,ＮＴＴ都市
6474,0.43,553,558,546,546,-14,-2.38,0,552,不二越
2726,0.18,3580,3640,3510,3525,-85,-2.38,1,3567,パル
7595,0.48,1713,1713,1673,1677,-41,-2.39,1,1697,アルゴグラフィックス
8334,0.58,808,814,791,791,-20,-2.4,0,800,群馬銀
8385,0.64,1353,1367,1327,1327,-33,-2.41,0,1343,伊予銀
5201,0.43,720,725,703,703,-18,-2.42,0,711,旭硝子
6971,0.65,6000,6025,5812,5812,-143,-2.44,0,5882,京セラ
9640,0.12,1242,1242,1212,1212,-31,-2.48,1,1227,セゾン情報システムズ
4283,0.54,3820,3825,3765,3775,-95,-2.49,0,3942,パナソニックIS
8058,0.42,2259,2310,2199,2199,-56,-2.5,0,2227,三菱商
2131,0.21,1233,1233,1190,1190,-31,-2.52,0,1205,アコーディア
8524,0.5,486,494,475,475,-13,-2.53,0,481,北洋銀
8425,0.54,2481,2491,2438,2444,-63,-2.54,0,2475,興銀リース
6501,0.61,673,673,662,663,-18,-2.56,0,672,日立
4272,0.5,1240,1241,1209,1211,-32,-2.56,0,1226,日化薬
8359,0.58,839,844,816,816,-22,-2.57,0,826,八十二
6481,0.42,2095,2104,2055,2055,-54,-2.58,0,2081,ＴＨＫ
9936,0.34,4060,4060,3955,3955,-105,-2.63,1,4007,王将フード
8377,0.61,273,274,266,266,-8,-2.63,0,269,ほくほくＦＧ
5020,0.18,470,473,455,455,-13,-2.64,0,462,ＪＸ
8043,0.34,352,355,340,340,-10,-2.65,1,344,スターゼン
5938,0.29,2455,2477,2420,2436,-66,-2.67,1,2468,ＬＩＸＩＬグ
8001,0.4,1447,1459,1416,1416,-39,-2.68,0,1435,伊藤忠
7752,0.33,1177,1187,1153,1153,-32,-2.69,1,1169,リコー
1605,0.27,1240,1244,1189,1189,-33,-2.69,0,1205,国際石開帝石
2502,0.41,4000,4045,3895,3895,-107,-2.72,1,3948,アサヒ
1722,0.46,873,875,845,845,-24,-2.72,1,856,ミサワホーム
8840,0.47,191,193,184,184,-6,-2.72,1,186,大京
7203,0.64,7124,7178,7000,7000,-192,-2.73,0,7095,トヨタ
8544,0.57,631,639,620,620,-18,-2.74,1,628,京葉銀
3512,0.45,519,520,509,510,-15,-2.75,1,517,日本フェルト
8253,0.58,2410,2426,2363,2364,-66,-2.75,0,2396,クレセゾン
7832,0.31,2818,2820,2732,2732,-76,-2.75,0,2769,バンナムＨＤ
8303,0.45,261,263,253,254,-8,-2.76,0,257,新生銀
9009,0.44,1299,1316,1258,1258,-36,-2.78,0,1275,京成
3405,0.63,1417,1429,1395,1395,-40,-2.8,0,1414,クラレ
8593,0.59,584,587,569,569,-17,-2.81,0,577,三菱Ｕリース
5631,0.5,401,403,390,391,-12,-2.81,0,396,日製鋼
5186,0.65,2895,2895,2803,2825,-81,-2.83,0,2864,ニッタ
8306,0.63,797,802,777,777,-23,-2.83,0,788,三菱ＵＦＪ
3289,0.55,831,838,810,810,-24,-2.84,0,821,東急不ＨＤ
9031,0.48,609,619,597,597,-18,-2.85,0,605,西鉄
6741,0.47,1110,1128,1087,1089,-32,-2.85,0,1104,日本信号
9831,0.34,461,462,453,453,-14,-2.87,1,459,ヤマダ電
7211,0.36,930,938,904,904,-27,-2.88,0,917,三菱自
1881,0.3,2044,2054,2006,2006,-59,-2.89,1,2035,ＮＩＰＰＯ
9301,0.57,1472,1477,1420,1421,-42,-2.89,0,1441,三菱倉庫
5711,0.43,385,387,377,378,-12,-2.91,0,383,三菱マ
8331,0.64,885,890,859,859,-26,-2.91,0,871,千葉銀
8411,0.65,247,249,240,240,-8,-2.92,0,244,みずほＦＧ
3626,0.37,2800,2805,2752,2761,-82,-2.93,0,2801,ITホールディングス
8036,0.51,2700,2735,2649,2650,-79,-2.94,0,2689,日立ハイテク
4726,0.48,1257,1257,1218,1220,-37,-2.95,0,1238,ソフトバンク・テクノロジー
8604,0.63,756,757,742,743,-23,-2.96,0,754,野村
4927,0.34,7220,7460,7050,7050,-210,-2.96,1,7152,ポーラ・オルビスホールディングス
5002,0.3,1036,1038,1005,1006,-31,-2.98,0,1021,昭和シェル
9843,0.44,9710,9710,9370,9370,-280,-2.98,0,9506,ニトリＨＤ
8270,0.46,754,761,731,731,-23,-3.01,0,742,ユニーＧＨＤ
5986,0.44,301,307,297,299,-10,-3.01,0,303,パイオラックス
8316,0.61,4913,4962,4818,4818,-146,-3.01,0,4889,三井住友ＦＧ
6752,0.52,1322,1326,1297,1297,-40,-3.01,1,1317,パナソニック
1812,0.36,679,680,661,661,-21,-3.03,0,671,鹿島
8308,0.6,610,614,594,594,-19,-3.03,0,603,りそなＨＤ
9045,0.51,786,798,757,758,-24,-3.03,1,769,京阪電
4911,0.41,2523,2563,2468,2468,-76,-3.04,0,2504,資生堂
8218,0.37,2697,2700,2620,2623,-81,-3.05,0,2663,コメリ
9984,0.44,7030,7080,6853,6853,-210,-3.05,0,6957,ソフトバンク
8332,0.57,742,743,719,719,-23,-3.06,0,730,横浜銀
9007,0.58,1100,1111,1074,1074,-34,-3.07,0,1090,小田急
9810,0.36,400,400,388,391,-13,-3.07,0,397,日鉄住金物
4298,0.19,1769,1769,1720,1725,-54,-3.07,1,1751,プロトコーポレーション
6702,0.32,598,602,583,583,-19,-3.09,1,592,富士通
6305,0.52,1751,1757,1705,1706,-54,-3.11,0,1732,日立建機
8628,0.7,1046,1049,1019,1021,-33,-3.13,0,1037,松井
6586,0.4,6890,6910,6660,6660,-210,-3.14,0,6764,マキタ
7313,0.4,3270,3305,3155,3155,-100,-3.14,0,3204,ＴＳテック
8015,0.61,2790,2803,2707,2708,-86,-3.14,0,2750,豊田通商
4842,0.25,327,328,312,316,-11,-3.16,0,321,ＵＳＥＮ
6412,0.39,2385,2389,2313,2313,-74,-3.16,0,2349,平和
4613,0.52,1882,1886,1835,1835,-59,-3.16,0,1864,関西ペ
9783,0.4,3195,3235,3120,3120,-100,-3.17,0,3169,ベネッセＨＤ
8601,0.7,834,836,813,815,-27,-3.19,0,828,大和
8410,0.39,516,518,501,501,-17,-3.19,0,509,セブン銀
9787,0.31,3865,3880,3720,3730,-120,-3.19,1,3788,イオンディラ
4812,0.36,1445,1451,1406,1406,-46,-3.2,1,1428,電通国際情報サービス
4704,0.61,4300,4325,4180,4180,-135,-3.21,0,4246,トレンド
5471,0.39,442,445,433,435,-15,-3.22,0,442,大同特鋼
6504,0.47,478,480,465,466,-16,-3.22,0,473,富士電機
2768,0.34,254,257,248,248,-9,-3.23,0,252,双日
4902,0.55,1327,1328,1288,1289,-43,-3.26,0,1310,コニカミノル
8028,0.32,5640,5680,5430,5440,-180,-3.29,1,5529,ファミリーＭ
8056,0.44,1282,1298,1242,1245,-42,-3.29,0,1265,日本ユニシス
6448,0.43,1644,1644,1603,1603,-54,-3.31,0,1629,ブラザー
6727,0.19,436,438,423,423,-15,-3.31,0,430,ワコム
6289,0.12,1575,1585,1535,1540,-52,-3.31,1,1565,技研製作所
8355,0.63,1277,1279,1238,1238,-42,-3.31,0,1258,静岡銀
8012,0.68,1457,1473,1418,1418,-48,-3.31,0,1441,長瀬産業
6371,0.41,930,936,904,904,-31,-3.32,0,919,椿本チ
6594,0.45,9500,9523,9200,9200,-306,-3.32,0,9349,日電産
7606,0.24,4755,4795,4635,4635,-155,-3.32,1,4711,Ｕアローズ
7936,0.34,3545,3545,3435,3435,-115,-3.32,0,3491,アシックス
8382,0.59,1788,1794,1737,1740,-59,-3.33,1,1768,中国銀
5401,0.47,245,246,240,240,-9,-3.33,0,245,新日鉄住金
8020,0.48,184,186,180,180,-7,-3.33,0,183,兼松
9422,0.33,1299,1299,1255,1256,-43,-3.34,1,1277,コネクシオ
4634,0.62,456,458,444,445,-16,-3.37,0,452,洋インキＨＤ
7012,0.58,456,458,443,443,-16,-3.39,0,450,川重
9735,0.72,7758,7787,7505,7505,-258,-3.42,1,7633,セコム
3774,0.23,2141,2171,2075,2075,-72,-3.42,0,2110,ＩＩＪ
5714,0.51,1045,1051,1021,1021,-36,-3.43,0,1038,ＤＯＷＡ
6963,0.61,6500,6510,6370,6370,-220,-3.44,0,6479,ローム
7420,0.54,862,867,841,841,-30,-3.45,0,855,佐鳥電機
4716,0.45,5010,5050,4900,4900,-170,-3.45,0,4984,日本オラクル
9468,0.25,1404,1418,1376,1386,-49,-3.46,1,1410,カドカワドワンゴ
4206,0.48,2574,2585,2497,2497,-88,-3.48,0,2540,アイカ
9005,0.55,856,863,830,831,-30,-3.49,0,845,東急
6146,0.4,9060,9250,8820,8850,-310,-3.49,0,9004,ディスコ
4681,0.38,3230,3320,3120,3120,-110,-3.49,1,3174,リゾートトラ
7205,0.56,1337,1342,1290,1290,-46,-3.49,0,1312,日野自
5947,0.28,9090,9120,8780,8780,-310,-3.52,1,8933,リンナイ
9008,0.58,904,908,878,878,-32,-3.53,0,893,京王
7453,0.24,26980,27440,26040,26040,-920,-3.53,1,26486,良品計画
8129,0.3,2660,2681,2573,2576,-92,-3.53,0,2620,東邦ＨＤ
6841,0.55,1420,1420,1375,1376,-50,-3.56,0,1400,横河電
7011,0.56,581,581,558,558,-21,-3.58,0,568,三菱重
3402,0.52,1076,1078,1034,1034,-38,-3.58,0,1052,東レ
2651,0.38,8700,8730,8350,8360,-300,-3.58,1,8509,ローソン
9064,0.49,2354,2354,2283,2283,-83,-3.59,1,2324,ヤマトＨＤ
4506,0.46,1292,1307,1250,1250,-46,-3.6,0,1272,大日本住友製薬
6326,0.57,1875,1885,1831,1831,-67,-3.6,0,1864,クボタ
6758,0.42,3123,3180,3051,3051,-111,-3.61,0,3105,ソニー
6367,0.62,7157,7181,6981,6985,-253,-3.61,0,7110,ダイキン
8053,0.49,1285,1291,1241,1241,-46,-3.63,0,1264,住友商
9069,0.37,846,856,823,824,-31,-3.64,1,839,センコー
8801,0.62,3339,3359,3241,3241,-119,-3.64,0,3299,三井不
8184,0.45,2932,2934,2856,2856,-105,-3.64,1,2908,島忠
8473,0.66,1468,1476,1423,1423,-53,-3.65,0,1449,SBIホールディングス
7593,0.19,735,751,709,711,-27,-3.66,0,723,ＶＴＨＤ
1878,0.34,13280,13285,12800,12800,-470,-3.66,1,13033,大東建
6506,0.53,1364,1373,1340,1340,-50,-3.66,0,1364,安川電
9934,0.56,3885,3910,3785,3785,-140,-3.67,1,3854,因幡電機産業
6674,0.43,447,450,436,436,-17,-3.67,0,444,ＧＳユアサ
5019,0.19,2100,2129,2003,2003,-75,-3.69,1,2040,出光興産
8424,0.47,4730,4755,4570,4570,-170,-3.7,0,4653,芙蓉リース
8802,0.53,2603,2617,2515,2515,-94,-3.7,0,2561,菱地所
4021,0.65,2790,2801,2693,2693,-101,-3.71,0,2742,日産化
4912,0.41,1074,1076,1021,1023,-39,-3.71,1,1042,ライオン
1808,0.48,1415,1454,1373,1375,-52,-3.71,0,1400,長谷工
4114,0.3,1846,1855,1804,1804,-68,-3.71,1,1837,日触媒
8830,0.62,4081,4099,3953,3953,-148,-3.72,0,4026,住友不
8088,0.49,728,728,699,699,-27,-3.72,0,712,岩谷産
3659,0.37,1690,1705,1628,1628,-62,-3.75,0,1656,ネクソン
6094,-0.01,1483,1572,1467,1467,-56,-3.75,0,1494,フリークアウト
9983,0.67,48990,49145,47480,47480,-1785,-3.76,0,48367,ファストリ
8570,0.54,2742,2763,2654,2655,-101,-3.77,1,2704,イオンＦＳ
7242,0.48,355,355,343,344,-14,-3.78,0,350,ＫＹＢ
6952,0.43,2313,2337,2247,2248,-86,-3.78,0,2290,カシオ
4231,0.33,711,720,682,686,-27,-3.79,0,699,タイガースポリマー
2674,0.45,1438,1464,1393,1395,-54,-3.8,0,1421,ハードオフコーポレーション
4676,0.27,1418,1434,1368,1369,-53,-3.8,1,1395,フジＨＤ
8905,0.45,2035,2050,1968,1969,-76,-3.81,0,2006,イオンモール
2181,0.37,5390,5420,5210,5220,-200,-3.81,1,5316,テンプＨＤ
9041,0.5,430,435,416,416,-17,-3.85,0,424,近鉄ＧＨＤ
9086,0.43,2037,2040,1970,1973,-77,-3.85,1,2010,日立物流
2875,0.41,4560,4580,4375,4380,-170,-3.86,1,4464,東洋水
9042,0.61,725,726,700,700,-28,-3.86,0,713,阪急阪神
9076,0.26,1351,1368,1296,1296,-51,-3.86,0,1321,セイノーホールディングス
4768,0.28,6430,6460,6160,6160,-240,-3.88,1,6278,大塚商会
3817,0.41,2190,2195,2102,2112,-83,-3.88,1,2152,SRAホールディングス
9613,0.69,5780,5820,5620,5620,-220,-3.9,1,5729,ＮＴＴデータ
8750,0.58,2190,2196,2128,2128,-84,-3.9,0,2168,第一生命
7267,0.51,3800,3813,3679,3679,-145,-3.91,0,3750,ホンダ
4555,0.38,7680,7680,7370,7370,-290,-3.92,0,7514,沢井製薬
4188,0.54,693,702,661,663,-27,-3.92,0,676,三菱ケミＨＤ
4205,0.43,997,997,969,969,-39,-3.92,0,988,ゼオン
1928,0.47,1807,1819,1742,1742,-70,-3.96,0,1776,積ハウス
3606,0.39,155,156,151,151,-7,-3.97,1,154,レナウン
9600,0.47,1251,1251,1203,1203,-49,-3.99,0,1226,アイネット
8439,0.57,3740,3740,3600,3600,-145,-4.0,0,3670,ＴＣリース
9742,0.42,1062,1065,1024,1026,-42,-4.0,1,1046,アイネス
3632,0.2,565,570,546,549,-23,-4.01,0,560,グリー
7245,0.47,1059,1064,1022,1022,-42,-4.01,0,1042,大同メ
8327,0.51,334,335,323,323,-14,-4.02,1,329,西日シ銀
9532,0.47,486,489,472,472,-20,-4.03,0,482,大ガス
9003,0.54,690,690,663,663,-28,-4.07,0,676,相鉄ＨＤ
7201,0.55,1091,1096,1053,1053,-44,-4.08,0,1074,日産自
4088,0.59,1934,1941,1862,1862,-77,-4.08,0,1900,エアウォータ
7518,0.3,729,729,706,706,-30,-4.11,1,720,ネットワンシステムズ
7279,0.35,3720,3745,3605,3625,-150,-4.11,1,3699,ハイレックスコーポレーション
9202,0.53,355,355,340,340,-15,-4.12,1,347,ＡＮＡＨＤ
2695,0.34,3365,3370,3240,3240,-135,-4.14,0,3306,くらコーポレーション
6465,0.46,7670,7700,7450,7460,-310,-4.14,1,7613,ホシザキ電機
4521,0.31,5750,5830,5480,5500,-230,-4.16,1,5608,科研薬
8137,0.5,1115,1123,1080,1082,-46,-4.16,0,1104,サンワテクノス
6755,0.31,1495,1495,1439,1441,-61,-4.16,0,1470,富士通ゼ
7459,0.49,2081,2100,2016,2016,-85,-4.17,0,2057,メディパル
7947,0.3,4215,4235,4040,4040,-170,-4.18,0,4124,エフピコ
4063,0.64,6613,6630,6401,6401,-272,-4.23,0,6536,信越化
7261,0.54,2069,2080,2000,2004,-86,-4.24,0,2046,マツダ
4061,0.57,514,514,495,495,-22,-4.24,0,505,電化
2914,0.37,4321,4339,4152,4152,-177,-4.24,1,4239,ＪＴ
7278,0.46,2765,2765,2661,2661,-114,-4.25,0,2717,エクセディ
4217,0.62,1850,1854,1789,1789,-77,-4.25,0,1827,日立化
3231,0.48,2270,2284,2184,2184,-94,-4.26,0,2230,野村不ＨＤ
4732,0.51,2135,2154,2063,2065,-89,-4.26,1,2108,ＵＳＳ
4689,0.45,485,485,468,470,-21,-4.26,0,480,ヤフー
9437,0.39,2529,2564,2433,2433,-105,-4.27,1,2485,ＮＴＴドコモ
5486,0.4,1538,1538,1474,1474,-64,-4.27,0,1505,日立金
3799,0.21,572,584,557,557,-25,-4.31,0,569,キーウェアソリューションズ
4530,0.38,4150,4150,4030,4030,-175,-4.32,1,4116,久光薬
8267,0.43,1800,1813,1744,1744,-77,-4.36,0,1782,イオン
9020,0.55,11160,11220,10735,10735,-470,-4.37,0,10966,ＪＲ東日本
8572,0.47,549,549,525,525,-24,-4.38,0,536,アコム
1911,0.61,1351,1357,1302,1302,-58,-4.38,1,1330,住友林
6754,0.29,809,809,773,774,-35,-4.39,1,791,アンリツ
4544,0.5,5200,5210,4990,4990,-220,-4.39,0,5098,みらかＨＤ
5101,0.43,1361,1361,1317,1319,-59,-4.4,1,1336,浜ゴム
3003,0.46,1103,1116,1068,1068,-48,-4.4,0,1091,ヒューリック
6471,0.54,1492,1495,1430,1430,-64,-4.41,0,1461,日精工
4901,0.53,4955,4960,4777,4777,-212,-4.42,0,4881,富士フイルム
9531,0.47,657,659,634,634,-29,-4.42,0,648,東ガス
9364,0.51,1013,1015,972,972,-44,-4.42,0,993,上組
6651,0.5,2284,2285,2182,2195,-98,-4.42,0,2243,日東工業
9989,0.36,6800,6800,6530,6530,-290,-4.43,1,6671,サンドラッグ
9062,0.54,591,591,562,562,-26,-4.45,1,574,日通
8515,0.37,468,469,447,448,-21,-4.46,0,458,アイフル
8609,0.7,747,750,716,717,-33,-4.46,0,733,岡三
9375,0.5,4530,4540,4350,4350,-195,-4.46,0,4446,近鉄エクス
1952,0.4,978,982,940,940,-43,-4.47,0,961,新日本空調
4507,0.5,4750,4795,4550,4555,-205,-4.48,0,4655,塩野義
2432,0.33,2201,2211,2119,2120,-96,-4.48,0,2166,ディーエヌエ
9948,0.36,2389,2389,2290,2290,-104,-4.5,1,2341,アークス
2371,0.35,1904,1904,1841,1844,-84,-4.5,0,1885,カカクコム
6869,0.47,7380,7400,7040,7040,-320,-4.53,0,7196,シスメックス
4116,0.6,567,574,548,551,-26,-4.54,1,563,大日精化工業
6136,0.37,2435,2435,2342,2351,-108,-4.55,1,2404,ＯＳＧ
8870,0.44,3180,3180,3050,3055,-140,-4.55,1,3124,住友販売
6425,0.3,2350,2368,2271,2271,-105,-4.58,0,2319,ユニバーサル
4502,0.51,5946,5946,5700,5700,-262,-4.58,0,5829,武田
5802,0.53,1650,1663,1593,1593,-74,-4.58,0,1629,住友電
7860,0.22,1533,1535,1476,1477,-69,-4.6,0,1511,エイベＧＨＤ
8591,0.6,1628,1628,1561,1561,-73,-4.61,0,1597,オリックス
7270,0.52,4230,4249,4081,4081,-189,-4.61,0,4174,富士重
8848,0.33,588,588,562,563,-27,-4.62,1,576,レオパレス
4569,0.4,2158,2196,2054,2054,-96,-4.63,1,2101,キョーリン
5334,0.43,2935,2959,2849,2849,-133,-4.63,0,2915,特殊陶
4527,0.34,2081,2081,2001,2003,-94,-4.64,1,2049,ロート
3197,0.28,1801,1816,1778,1789,-84,-4.64,1,1830,すかいらーく
9001,0.51,535,536,516,516,-25,-4.65,0,528,東武
7282,0.54,2358,2370,2270,2270,-107,-4.67,0,2322,豊田合
2413,0.32,2798,2799,2685,2685,-127,-4.69,1,2747,エムスリー
6988,0.63,8022,8063,7805,7805,-367,-4.69,0,7985,日東電
2503,0.48,1770,1770,1701,1701,-81,-4.7,1,1741,キリンＨＤ
8766,0.58,4820,4856,4656,4656,-220,-4.7,0,4763,東京海上
4543,0.68,3300,3300,3165,3165,-150,-4.71,0,3239,テルモ
2802,0.53,2656,2695,2550,2550,-121,-4.71,1,2610,味の素
6268,0.45,2395,2395,2311,2311,-110,-4.72,0,2365,ナブテスコ
2331,0.39,5230,5270,5060,5060,-240,-4.72,1,5177,ALSOK
7272,0.55,2313,2325,2235,2236,-107,-4.74,0,2288,ヤマハ発
2433,0.52,1206,1210,1158,1158,-56,-4.75,0,1185,博報堂ＤＹ
3391,0.29,9800,9890,9400,9410,-450,-4.77,1,9631,ツルハＨＤ
2327,0.4,4600,4640,4470,4480,-215,-4.78,1,4584,新日鉄住金ソリューションズ
2915,0.31,1660,1660,1590,1590,-77,-4.78,1,1628,ケンコーマヨネーズ
7974,0.42,24835,25170,23800,23865,-1145,-4.79,1,24421,任天堂
4452,0.47,5463,5550,5293,5296,-256,-4.81,0,5422,花王
2871,0.48,745,746,706,707,-35,-4.81,1,724,ニチレイ
7628,0.46,1381,1384,1322,1329,-65,-4.82,0,1361,オーハシテクニカ
6503,0.59,1195,1196,1154,1154,-57,-4.85,0,1182,三菱電
5108,0.57,4041,4044,3878,3878,-189,-4.85,0,3971,ブリヂストン
6201,0.57,5950,5950,5750,5750,-280,-4.85,0,5888,豊田織
1925,0.56,2966,2974,2842,2842,-139,-4.86,0,2910,ハウス
8354,0.58,597,597,574,574,-29,-4.88,1,588,ふくおかＦＧ
3738,0.24,1974,1974,1896,1896,-94,-4.91,1,1941,ティーガイア
4641,0.31,2426,2426,2326,2336,-116,-4.92,0,2391,アルプス技研
7701,0.49,1777,1777,1699,1700,-85,-4.94,1,1741,島津製作所
3382,0.58,5276,5291,5039,5039,-251,-4.96,0,5162,セブン＆アイ
6302,0.5,520,524,502,502,-26,-4.98,0,514,住友重
4307,0.55,4880,4900,4690,4690,-235,-4.99,0,4805,野村総研
7649,0.39,5860,5860,5580,5580,-280,-5.0,1,5718,スギＨＤ
1983,0.16,1300,1307,1261,1261,-64,-5.0,1,1292,東芝プラ
4204,0.57,1322,1328,1274,1274,-65,-5.02,0,1306,積水化
2282,0.37,2807,2815,2665,2665,-135,-5.03,1,2731,日ハム
6366,0.33,874,874,831,832,-43,-5.05,0,853,千代建
9021,0.43,8144,8144,7786,7786,-402,-5.15,0,7982,ＪＲ西日本
3788,0.4,795,795,750,755,-40,-5.17,1,774,GMOクラウド
4612,0.42,2466,2466,2372,2372,-124,-5.19,0,2433,日本ペＨＤ
3765,0.14,362,363,346,346,-19,-5.2,1,355,ガンホー
9022,0.53,19745,19800,18900,18900,-985,-5.21,0,19381,ＪＲ東海
6479,0.41,1410,1423,1380,1380,-73,-5.22,0,1416,ミネベア
4684,0.44,5400,5400,5130,5140,-270,-5.23,1,5272,オービック
9513,0.37,3750,3765,3610,3610,-190,-5.24,0,3703,Ｊパワー
4151,0.46,2014,2033,1934,1936,-103,-5.27,0,1986,協和キリン
2897,0.42,5760,5770,5470,5470,-290,-5.28,1,5614,日清食ＨＤ
8795,0.62,1614,1614,1551,1551,-83,-5.29,0,1592,Ｔ＆Ｄ
3048,0.23,1167,1169,1111,1112,-60,-5.31,0,1141,ビックカメラ
5411,0.43,1859,1870,1786,1786,-96,-5.32,0,1833,ＪＦＥ
5991,0.42,1162,1162,1110,1113,-61,-5.39,0,1143,ニッパツ
3088,0.31,5800,5830,5530,5530,-300,-5.41,1,5675,マツキヨＨＤ
7309,0.47,16120,16160,15490,15490,-840,-5.42,1,15904,シマノ
3141,0.28,5770,5780,5500,5520,-300,-5.42,1,5664,ウエルシア
4528,0.36,15300,15410,14680,14680,-800,-5.44,0,15072,小野薬
4968,0.44,1121,1121,1060,1062,-59,-5.46,1,1091,荒川化学工業
6463,0.5,2896,2896,2780,2780,-153,-5.47,1,2855,ＴＰＲ
7262,0.29,1450,1469,1404,1405,-78,-5.48,0,1443,ダイハツ
6502,0.44,367,373,363,363,-21,-5.51,1,373,東芝
6902,0.67,5375,5385,5144,5144,-285,-5.52,0,5285,デンソー
6856,0.5,4180,4180,4050,4050,-225,-5.53,0,4161,堀場製
4519,0.6,4495,4510,4295,4295,-240,-5.56,0,4412,中外薬
8273,0.47,5160,5180,4920,4925,-275,-5.56,0,5060,イズミ
3407,0.58,945,950,916,916,-52,-5.57,0,942,旭化成
9503,0.42,1506,1507,1431,1432,-81,-5.59,0,1471,関西電力
4324,0.6,6100,6120,5890,5890,-330,-5.59,0,6051,電通
4540,0.38,2649,2666,2555,2555,-144,-5.6,0,2626,ツムラ
3349,0.17,15350,15410,14720,14720,-830,-5.63,1,15133,コスモス薬品
4534,0.51,7740,7740,7360,7390,-420,-5.67,1,7598,持田薬
2121,0.14,4130,4135,3915,3945,-225,-5.68,0,4055,ミクシィ
4201,0.38,863,868,824,826,-48,-5.69,1,849,日合成
3092,0.31,3725,3765,3500,3500,-200,-5.69,0,3597,スタートトゥ
6256,0.25,4865,4865,4630,4630,-265,-5.7,1,4761,ニューフレア
4508,0.45,2160,2160,2049,2054,-118,-5.7,0,2112,田辺三菱
7014,0.43,880,880,836,837,-49,-5.73,0,861,名村造
5949,0.37,2263,2299,2146,2148,-124,-5.73,0,2209,ユニプレス
8876,0.38,12630,12630,12010,12020,-690,-5.73,1,12352,リロＨＬＤ
5110,0.47,1701,1704,1619,1624,-94,-5.73,0,1670,住友ゴ
3086,0.56,1954,1972,1859,1861,-108,-5.75,0,1914,Ｊフロント
2267,0.48,6720,6780,6380,6410,-370,-5.76,0,6591,ヤクルト
4581,0.5,7840,7840,7430,7430,-430,-5.77,1,7642,大正薬ＨＤ
9719,0.47,4335,4335,4145,4145,-240,-5.77,1,4263,ＳＣＳＫ
4708,0.28,1233,1237,1169,1170,-69,-5.81,1,1204,もしもしＨＬ
4202,0.51,1587,1587,1512,1513,-89,-5.82,0,1556,ダイセル
2317,0.42,1132,1145,1075,1078,-64,-5.84,1,1109,システナ
7520,0.33,1127,1135,1074,1074,-64,-5.87,0,1104,エコス
9065,0.26,602,606,574,575,-35,-5.91,1,592,山九
3436,0.39,1089,1098,1052,1053,-64,-5.98,1,1084,SUMCO
5332,0.49,1779,1780,1685,1686,-102,-5.99,0,1736,ＴＯＴＯ
3099,0.52,1930,1931,1831,1831,-111,-6.01,1,1885,三越伊勢丹
6645,0.52,4420,4445,4290,4300,-260,-6.02,0,4429,オムロン
3793,0.14,800,814,763,763,-47,-6.03,0,786,ドリコム
9956,0.42,3395,3400,3215,3215,-195,-6.03,1,3310,バロー
5105,0.42,2680,2684,2551,2558,-156,-6.06,1,2635,洋ゴム
7269,0.48,4043,4045,3889,3892,-237,-6.06,0,4010,スズキ
3905,0.14,595,596,555,558,-35,-6.09,1,575,データセクション
2681,0.3,1835,1839,1725,1734,-107,-6.11,0,1785,ゲオＨＤ
4755,0.38,1712,1714,1633,1633,-101,-6.12,1,1683,楽天
4503,0.5,1783,1790,1693,1695,-105,-6.14,0,1747,アステラス
2782,0.05,5860,5860,5510,5510,-340,-6.15,1,5679,セリア
9501,0.4,818,820,781,781,-49,-6.15,0,804,東京電力
4631,0.52,289,289,274,275,-18,-6.18,0,283,ＤＩＣ
9603,0.34,4120,4140,3900,3910,-245,-6.24,1,4030,ＨＩＳ
9404,0.44,2084,2096,1978,1978,-125,-6.27,1,2039,日テレＨＤ
8233,0.51,1033,1036,986,987,-63,-6.28,0,1018,高島屋
4967,0.41,9310,9340,8870,8870,-560,-6.3,1,9147,小林製薬
9739,0.41,1001,1002,932,932,-60,-6.33,1,961,NSW
2593,0.34,2899,2920,2687,2696,-173,-6.38,1,2781,伊藤園
2801,0.59,3855,3870,3670,3670,-235,-6.38,0,3784,キッコマン
7259,0.46,4280,4285,4115,4115,-265,-6.42,0,4246,アイシン
8282,0.32,3820,3850,3625,3635,-235,-6.44,1,3751,ケーズＨＤ
4568,0.41,2318,2333,2194,2194,-143,-6.47,1,2264,第一三共
5713,0.35,1521,1529,1443,1446,-95,-6.5,0,1493,住友鉱
3291,0.36,2121,2126,2015,2015,-133,-6.55,1,2078,飯田ＧＨＤ
2269,0.46,19500,19530,18530,18530,-1220,-6.58,1,19125,明治ＨＤ
6923,0.42,2333,2353,2215,2216,-147,-6.59,0,2288,スタンレー
8616,0.65,797,798,759,759,-51,-6.59,0,784,東海東京
6395,0.34,1600,1610,1543,1546,-103,-6.6,0,1596,タダノ
6981,0.43,17385,17450,16455,16455,-1095,-6.65,0,16992,村田製
6273,0.57,27990,28555,27610,27610,-1855,-6.71,0,28530,ＳＭＣ
3664,-0.01,589,589,550,551,-38,-6.72,0,569,モブキャスト
2395,0.35,486,489,459,460,-32,-6.74,1,475,新日本科学
9682,0.4,2730,2734,2570,2570,-177,-6.85,0,2657,DTS
4751,0.38,4690,4695,4495,4500,-310,-6.87,0,4653,サイバー
2229,0.38,4600,4600,4340,4345,-300,-6.88,1,4493,カルビー
8897,0.39,550,561,518,518,-37,-6.95,1,536,タカラレーベ
9449,0.31,1707,1713,1615,1616,-114,-6.99,1,1671,ＧＭＯ
3639,0.16,1504,1504,1416,1425,-101,-7.02,0,1474,ボルテージ
7276,0.49,4090,4105,3875,3885,-275,-7.05,0,4019,小糸製
7741,0.49,4709,4727,4434,4434,-315,-7.08,1,4589,ＨＯＹＡ
7248,0.44,838,843,791,791,-57,-7.08,0,818,カルソカンセ
3656,0.14,1410,1424,1310,1342,-98,-7.23,0,1389,KLab
3742,0.18,1121,1131,1056,1071,-79,-7.28,0,1102,ITbook
4091,0.55,1470,1489,1379,1384,-102,-7.3,0,1434,大陽日酸
3064,0.26,6070,6080,5720,5720,-420,-7.33,1,5913,モノタロウ
2809,0.35,2642,2643,2490,2492,-184,-7.34,1,2582,キユーピー
4578,0.43,4101,4107,3851,3851,-284,-7.35,1,3990,大塚ＨＤ
6762,0.68,7360,7400,7030,7030,-520,-7.38,0,7287,ＴＤＫ
3116,0.51,2001,2001,1880,1882,-140,-7.39,0,1950,トヨタ紡織
7280,0.38,2072,2072,1954,1954,-147,-7.47,0,2026,ミツバ
6037,0.27,2329,2329,2101,2142,-161,-7.47,0,2216,ファーストロジック
8697,0.66,3730,3730,3500,3500,-280,-7.97,0,3635,日本取引所
4922,0.32,11820,12060,11030,11120,-890,-7.99,1,11528,コーセー
7988,0.45,4700,4700,4340,4385,-355,-8.07,0,4559,ニフコ
4523,0.45,8191,8191,7653,7653,-621,-8.1,1,7956,エーザイ
3668,0.34,2184,2194,2016,2019,-170,-8.37,1,2103,コロプラ
2780,0.23,3005,3045,2813,2813,-237,-8.39,1,2928,エンカレッジ・テクノロジ
3641,0.1,3690,3690,3315,3335,-285,-8.52,1,3467,パピレス
8136,0.34,3955,3955,3685,3685,-320,-8.66,1,3843,サンリオ
3907,0.24,4105,4150,3840,3890,-350,-8.97,0,4063,シリコンスタジオ
4777,0.19,865,865,802,802,-73,-8.98,0,831,ガーラ
7240,0.5,2968,2976,2745,2750,-250,-9.05,0,2873,ＮＯＫ
3911,0.17,1307,1321,1151,1166,-111,-9.43,1,1221,Aiming
3903,0.05,1240,1240,1130,1138,-118,-10.28,1,1196,gumi
2412,0.25,2150,2158,1969,1975,-205,-10.33,1,2069,ベネフィット・ワン
4042,0.4,553,556,512,515,-58,-11.07,1,543,東ソー
4572,0.1,2970,2970,2660,2660,-319,-11.95,0,2690,カルナバイオサイエンス
